{"stats":{"minecraft:broken":{"minecraft:leather_helmet":1,"minecraft:leather_chestplate":1,"minecraft:shield":1,"minecraft:leather_boots":1},"minecraft:crafted":{"eternal_tales:flowering_planks":80,"minecraft:furnace":1,"eternal_tales:rubygem":4,"eternal_tales:petrified_planks":8,"minecraft:chest":2,"minecraft:diamond_sword":1,"minecraft:crafting_table":3,"minecraft:spruce_planks":28,"minecraft:bucket":2,"minecraft:birch_planks":28,"minecraft:air":0,"eternal_tales:rubypickaxe":2,"minecraft:iron_chestplate":1,"minecraft:diamond_pickaxe":1,"minecraft:shield":2,"minecraft:stick":8,"minecraft:iron_ingot":25,"minecraft:iron_leggings":1},"minecraft:mined":{"eternal_tales:aquatura_flower":15,"eternal_tales:deepslate_chlorine_ore":7,"eternal_tales:salt_block":11,"minecraft:diamond_ore":1,"minecraft:tuff":33,"minecraft:deepslate_diamond_ore":1,"minecraft:sea_lantern":5,"eternal_tales:karst_stone":3,"minecraft:budding_amethyst":1,"minecraft:grass_block":5,"minecraft:spruce_leaves":6,"eternal_tales:pyroxenite":11,"eternal_tales:flowering_leaves":2,"eternal_tales:ruby_bud_small":1,"minecraft:iron_ore":14,"minecraft:andesite":1,"minecraft:deepslate_lapis_ore":2,"eternal_tales:caviar_crate":14,"minecraft:deepslate_iron_ore":8,"eternal_tales:latit":3,"eternal_tales:chlorine_ore":4,"minecraft:stone":52,"eternal_tales:astrantia":1,"eternal_tales:growing_skill_stone":1,"minecraft:orange_bed":5,"eternal_tales:diorite_dirt":1,"eternal_tales:ruby_cluster":3,"eternal_tales:petrified_log":2,"eternal_tales:paeonia_et":1,"minecraft:crafting_table":1,"minecraft:torch":7,"minecraft:calcite":4,"minecraft:poppy":1,"eternal_tales:budding_ruby":8,"eternal_tales:ruby_block":31,"eternal_tales:brown_clay":2,"eternal_tales:deepslate_quinine_ore":24,"minecraft:tall_grass":1,"minecraft:cobblestone":6,"minecraft:lapis_ore":1,"minecraft:sugar_cane":8,"minecraft:oak_planks":1,"minecraft:wall_torch":7,"minecraft:amethyst_block":3,"minecraft:deepslate_copper_ore":1,"minecraft:birch_log":7,"minecraft:spruce_log":7,"minecraft:grass":25,"eternal_tales:blueberry_bush":2,"eternal_tales:ruby_bud_large":2,"minecraft:dirt":9,"minecraft:smooth_basalt":2,"eternal_tales:flowering_log":20,"minecraft:oak_leaves":3,"eternal_tales:flowering_planks":2,"minecraft:deepslate":41},"minecraft:custom":{"minecraft:mob_kills":109,"minecraft:interact_with_crafting_table":24,"minecraft:open_barrel":3,"minecraft:leave_game":8,"minecraft:time_since_death":3765,"minecraft:climb_one_cm":2442,"minecraft:sprint_one_cm":518121,"minecraft:walk_one_cm":245467,"minecraft:damage_blocked_by_shield":2595,"minecraft:drop":45,"minecraft:play_time":188127,"minecraft:deaths":28,"minecraft:sneak_time":18860,"minecraft:walk_under_water_one_cm":12087,"tombstone:tomb_raiding":1,"minecraft:jump":4138,"minecraft:walk_on_water_one_cm":27919,"minecraft:total_world_time":188127,"minecraft:interact_with_furnace":18,"minecraft:sleep_in_bed":7,"minecraft:time_since_rest":3547,"minecraft:damage_taken":10402,"tombstone:sneak_grave":1,"minecraft:damage_dealt":20199,"minecraft:swim_one_cm":59420,"minecraft:fly_one_cm":817588,"minecraft:player_kills":4,"minecraft:open_chest":19,"minecraft:crouch_one_cm":51166,"tombstone:undead_killed":52,"minecraft:fall_one_cm":144152},"minecraft:used":{"eternal_tales:astrantia":1,"minecraft:stone_sword":130,"minecraft:poppy":3,"minecraft:chest":2,"minecraft:shield":51,"eternal_tales:blueberry_bush":2,"minecraft:rotten_flesh":39,"minecraft:orange_bed":5,"minecraft:torch":14,"minecraft:dirt":22,"minecraft:mutton":18,"minecraft:birch_sapling":1,"minecraft:beef":17,"minecraft:furnace":1,"tombstone:gift":13,"minecraft:potato":1,"minecraft:egg":2,"eternal_tales:paeonia_et":1,"eternal_tales:petrified_planks":8,"eternal_tales:growing_skill_stone":1,"minecraft:polished_andesite":1,"minecraft:oak_planks":2,"minecraft:wooden_pickaxe":11,"minecraft:leather_chestplate":1,"eternal_tales:stress_pills":2,"minecraft:leather_boots":1,"minecraft:cookie":3,"eternal_tales:flowering_planks":13,"minecraft:crafting_table":4,"tombstone:bag_of_seeds":2,"minecraft:diamond_pickaxe":277,"minecraft:apple":7,"minecraft:chicken":3,"minecraft:bread":3,"minecraft:leather_helmet":1,"eternal_tales:starter_kit":2,"tombstone:grave_key":15,"minecraft:stone_axe":41,"minecraft:diamond_sword":218,"eternal_tales:caviar_crate":12,"minecraft:cobblestone":67,"minecraft:porkchop":20,"minecraft:bucket":1},"minecraft:dropped":{"minecraft:enchanted_book":2,"minecraft:wheat_seeds":1,"minecraft:oak_log":1,"minecraft:glow_ink_sac":2,"minecraft:diamond":3,"minecraft:cobblestone":13,"minecraft:stick":1,"eternal_tales:totem_of_eternal_darkness":1,"minecraft:gray_wool":2,"minecraft:bucket":1,"minecraft:string":14,"minecraft:white_wool":1,"minecraft:bone":5,"minecraft:gravel":1,"eternal_tales:latit":1,"minecraft:stone_sword":2,"eternal_tales:bronze_coin":6,"minecraft:rotten_flesh":9,"minecraft:oak_planks":3,"eternal_tales:raccoon_fur":2,"eternal_tales:rubypickaxe":1,"eternal_tales:diorite_dirt":1,"eternal_tales:terra_shard":3},"minecraft:killed":{"minecraft:spider":5,"minecraft:skeleton":9,"eternal_tales:interdimensional_banshee":3,"minecraft:chicken":3,"eternal_tales:interdimensionipyre":5,"eternal_tales:interdimensional_zombie":6,"minecraft:pig":10,"minecraft:creeper":1,"eternal_tales:flower_zombie":4,"minecraft:sheep":13,"minecraft:zombie":28,"eternal_tales:beast":1,"eternal_tales:dimensioner":8,"minecraft:cow":10},"minecraft:killed_by":{"minecraft:player":2,"minecraft:creeper":3,"eternal_tales:beast":2,"eternal_tales:cold_overseer":2,"minecraft:skeleton":4,"minecraft:zombie":1},"minecraft:picked_up":{"eternal_tales:karst_stone":5,"minecraft:crafting_table":1,"eternal_tales:blueberry_bush":2,"minecraft:chicken":3,"minecraft:leather_leggings":1,"eternal_tales:aquatura_flower":15,"minecraft:wooden_pickaxe":2,"minecraft:enchanted_book":1,"eternal_tales:raccoon_fur":3,"eternal_tales:growing_skill_stone":1,"minecraft:string":20,"eternal_tales:stress_pills":2,"eternal_tales:flowering_planks":5,"eternal_tales:astrantia":2,"minecraft:cobbled_deepslate":46,"minecraft:bucket":1,"eternal_tales:paeonia_et":1,"minecraft:beef":17,"minecraft:poppy":2,"minecraft:sugar_cane":20,"minecraft:birch_sapling":1,"eternal_tales:starter_kit":1,"minecraft:egg":2,"minecraft:stick":5,"minecraft:raw_iron":24,"minecraft:oak_fence":1,"eternal_tales:latit":5,"minecraft:torch":15,"eternal_tales:petrified_log":2,"eternal_tales:raw_quinine":23,"minecraft:porkchop":20,"eternal_tales:brown_clay_ball":8,"tombstone:grave_dust":5,"minecraft:prismarine_crystals":2,"minecraft:orange_bed":5,"eternal_tales:totem_of_eternal_darkness":1,"minecraft:rotten_flesh":50,"minecraft:stone_sword":3,"minecraft:arrow":3,"minecraft:stone_shovel":1,"eternal_tales:pyroxenite":4,"eternal_tales:journal":2,"eternal_tales:beast_leather":2,"minecraft:mutton":18,"minecraft:cobblestone":97,"minecraft:white_wool":9,"eternal_tales:heart_et":1,"minecraft:oxeye_daisy":2,"minecraft:birch_log":7,"minecraft:leather_chestplate":2,"minecraft:feather":3,"minecraft:glow_ink_sac":2,"minecraft:leather":9,"minecraft:tuff":33,"minecraft:oak_log":1,"eternal_tales:glowlichen_seeds":4,"minecraft:gunpowder":2,"minecraft:lapis_lazuli":21,"minecraft:dirt":29,"tombstone:gift":3,"minecraft:leather_boots":2,"minecraft:bone":8,"minecraft:apple":4,"minecraft:wheat_seeds":4,"minecraft:iron_ingot":6,"tombstone:bag_of_seeds":1,"eternal_tales:diorite_dirt":1,"eternal_tales:salt":46,"minecraft:oak_planks":5,"eternal_tales:rubygem":2,"minecraft:gravel":1,"eternal_tales:caviar_crate":14,"eternal_tales:chili_pepper_seeds":4,"eternal_tales:ruby_shard":16,"minecraft:spruce_log":7,"eternal_tales:broken_totem_of_rash_decisions":2,"minecraft:leather_helmet":3,"eternal_tales:flowering_log":20,"eternal_tales:bronze_coin":9,"eternal_tales:ruby_block":28,"minecraft:polished_andesite":1,"eternal_tales:fear_textbook":1,"minecraft:diamond":2,"minecraft:stone_axe":2,"eternal_tales:terra_shard":3,"minecraft:gray_wool":3,"minecraft:emerald":1,"tombstone:magic_scroll":1,"eternal_tales:raw_chlorine":11}},"DataVersion":3465}