{"stats":{"minecraft:mined":{"minecraft:birch_log":7,"minecraft:spruce_log":7,"minecraft:grass":14,"minecraft:grass_block":1,"minecraft:dirt":4,"minecraft:spruce_leaves":4,"minecraft:sugar_cane":1,"minecraft:oak_planks":1},"minecraft:picked_up":{"minecraft:birch_log":7,"minecraft:leather_chestplate":2,"minecraft:leather_leggings":1,"minecraft:oak_fence":1,"minecraft:wooden_pickaxe":2,"minecraft:spruce_log":7,"eternal_tales:raccoon_fur":2,"minecraft:dirt":20,"eternal_tales:broken_totem_of_rash_decisions":2,"minecraft:leather_helmet":2,"eternal_tales:stress_pills":2,"minecraft:polished_andesite":1,"minecraft:leather_boots":2,"eternal_tales:totem_of_eternal_darkness":1,"minecraft:stone_sword":1,"minecraft:stone_shovel":1,"minecraft:apple":4,"minecraft:stone_axe":2,"minecraft:wheat_seeds":3,"eternal_tales:paeonia_et":1,"eternal_tales:journal":2,"minecraft:sugar_cane":2,"minecraft:birch_sapling":1,"minecraft:oak_planks":2,"eternal_tales:starter_kit":1,"minecraft:oxeye_daisy":2},"minecraft:used":{"minecraft:apple":1,"minecraft:stone_sword":10,"minecraft:polished_andesite":1,"minecraft:birch_sapling":1,"minecraft:oak_planks":2,"eternal_tales:starter_kit":2,"minecraft:leather_helmet":1,"minecraft:leather_chestplate":1,"eternal_tales:stress_pills":2,"minecraft:leather_boots":1,"minecraft:cookie":3,"minecraft:stone_axe":15,"minecraft:dirt":17,"tombstone:gift":5},"minecraft:crafted":{"minecraft:spruce_planks":28,"minecraft:birch_planks":28},"minecraft:killed_by":{"minecraft:player":2,"minecraft:skeleton":1,"minecraft:creeper":2},"minecraft:custom":{"minecraft:time_since_rest":1487,"minecraft:interact_with_furnace":1,"minecraft:sprint_one_cm":85682,"minecraft:damage_taken":2659,"minecraft:walk_one_cm":34574,"minecraft:drop":1,"minecraft:damage_dealt":953,"minecraft:swim_one_cm":1561,"minecraft:interact_with_crafting_table":1,"minecraft:fly_one_cm":110031,"minecraft:player_kills":4,"minecraft:open_chest":9,"minecraft:play_time":34514,"minecraft:crouch_one_cm":3503,"minecraft:deaths":7,"minecraft:sneak_time":1386,"minecraft:walk_under_water_one_cm":4761,"tombstone:tomb_raiding":1,"minecraft:jump":531,"minecraft:leave_game":3,"minecraft:time_since_death":1552,"minecraft:walk_on_water_one_cm":7387,"minecraft:sleep_in_bed":2,"minecraft:total_world_time":34514,"minecraft:fall_one_cm":26181},"minecraft:dropped":{"eternal_tales:raccoon_fur":1}},"DataVersion":3465}