{"stats":{"minecraft:picked_up":{"minecraft:birch_log":7,"eternal_tales:blueberry_bush":2,"minecraft:leather_chestplate":2,"minecraft:feather":3,"minecraft:chicken":3,"eternal_tales:aquatura_flower":15,"minecraft:leather_leggings":1,"minecraft:leather":3,"minecraft:wooden_pickaxe":2,"eternal_tales:raccoon_fur":3,"eternal_tales:growing_skill_stone":1,"minecraft:string":1,"minecraft:dirt":24,"eternal_tales:stress_pills":2,"minecraft:leather_boots":2,"minecraft:bone":1,"minecraft:apple":4,"minecraft:wheat_seeds":3,"eternal_tales:astrantia":1,"eternal_tales:paeonia_et":1,"minecraft:beef":5,"eternal_tales:diorite_dirt":1,"minecraft:sugar_cane":16,"minecraft:birch_sapling":1,"minecraft:oak_planks":2,"eternal_tales:starter_kit":1,"minecraft:stick":4,"minecraft:oak_fence":1,"minecraft:torch":1,"eternal_tales:caviar_crate":13,"minecraft:porkchop":19,"tombstone:grave_dust":3,"minecraft:spruce_log":7,"eternal_tales:broken_totem_of_rash_decisions":2,"minecraft:leather_helmet":2,"eternal_tales:flowering_log":10,"minecraft:orange_bed":4,"eternal_tales:totem_of_eternal_darkness":1,"minecraft:polished_andesite":1,"minecraft:stone_sword":1,"minecraft:stone_shovel":1,"minecraft:rotten_flesh":6,"minecraft:stone_axe":2,"eternal_tales:journal":2,"minecraft:gray_wool":1,"minecraft:emerald":1,"minecraft:mutton":5,"minecraft:white_wool":3,"minecraft:cobblestone":8,"minecraft:oxeye_daisy":2},"minecraft:mined":{"eternal_tales:aquatura_flower":15,"eternal_tales:diorite_dirt":1,"minecraft:sea_lantern":4,"minecraft:grass_block":2,"minecraft:tall_grass":1,"minecraft:spruce_leaves":6,"minecraft:oak_planks":1,"minecraft:sugar_cane":6,"eternal_tales:flowering_leaves":2,"minecraft:wall_torch":1,"minecraft:birch_log":7,"minecraft:spruce_log":7,"eternal_tales:caviar_crate":13,"eternal_tales:blueberry_bush":2,"minecraft:grass":14,"minecraft:dirt":7,"eternal_tales:flowering_log":10,"minecraft:stone":8,"eternal_tales:astrantia":1,"eternal_tales:growing_skill_stone":1,"minecraft:oak_leaves":3,"minecraft:orange_bed":4},"minecraft:used":{"minecraft:stone_sword":95,"eternal_tales:growing_skill_stone":1,"minecraft:polished_andesite":1,"minecraft:oak_planks":2,"minecraft:wooden_pickaxe":11,"minecraft:leather_chestplate":1,"eternal_tales:stress_pills":2,"eternal_tales:blueberry_bush":2,"minecraft:leather_boots":1,"minecraft:rotten_flesh":6,"minecraft:orange_bed":3,"minecraft:cookie":3,"minecraft:dirt":17,"minecraft:crafting_table":1,"minecraft:apple":2,"minecraft:bread":3,"minecraft:birch_sapling":1,"minecraft:leather_helmet":1,"eternal_tales:starter_kit":2,"minecraft:stone_axe":25,"eternal_tales:caviar_crate":9,"minecraft:beef":5,"minecraft:porkchop":14,"tombstone:gift":5},"minecraft:crafted":{"minecraft:crafting_table":1,"minecraft:spruce_planks":28,"eternal_tales:flowering_planks":40,"minecraft:birch_planks":28,"minecraft:stick":4},"minecraft:killed":{"eternal_tales:interdimensional_zombie":2,"minecraft:pig":9,"minecraft:spider":1,"minecraft:sheep":4,"minecraft:skeleton":2,"eternal_tales:interdimensional_banshee":1,"minecraft:zombie":2,"minecraft:chicken":3,"eternal_tales:interdimensionipyre":1,"minecraft:cow":3},"minecraft:killed_by":{"minecraft:player":2,"minecraft:skeleton":1,"minecraft:creeper":2},"minecraft:custom":{"minecraft:interact_with_furnace":1,"minecraft:mob_kills":28,"minecraft:interact_with_crafting_table":3,"minecraft:open_barrel":3,"minecraft:leave_game":3,"minecraft:time_since_death":37552,"minecraft:climb_one_cm":309,"minecraft:sleep_in_bed":6,"minecraft:time_since_rest":7500,"minecraft:sprint_one_cm":231610,"minecraft:damage_taken":2986,"minecraft:walk_one_cm":78537,"minecraft:drop":3,"minecraft:damage_dealt":4801,"minecraft:swim_one_cm":26027,"minecraft:fly_one_cm":289243,"minecraft:player_kills":4,"minecraft:open_chest":13,"minecraft:crouch_one_cm":10235,"minecraft:play_time":70514,"tombstone:undead_killed":7,"minecraft:deaths":7,"minecraft:sneak_time":4169,"minecraft:walk_under_water_one_cm":7935,"tombstone:tomb_raiding":1,"minecraft:jump":1449,"minecraft:walk_on_water_one_cm":14072,"minecraft:total_world_time":70514,"minecraft:fall_one_cm":46949},"minecraft:dropped":{"eternal_tales:raccoon_fur":2,"eternal_tales:totem_of_eternal_darkness":1}},"DataVersion":3465}