{"stats":{"minecraft:mined":{"minecraft:grass_block":1,"minecraft:spruce_leaves":6,"minecraft:oak_planks":1,"minecraft:sugar_cane":4,"minecraft:birch_log":7,"minecraft:spruce_log":7,"eternal_tales:blueberry_bush":2,"minecraft:grass":14,"minecraft:dirt":4,"eternal_tales:growing_skill_stone":1,"minecraft:orange_bed":2},"minecraft:picked_up":{"minecraft:birch_log":7,"eternal_tales:blueberry_bush":2,"minecraft:leather_chestplate":2,"minecraft:feather":3,"minecraft:chicken":3,"minecraft:leather_leggings":1,"minecraft:leather":3,"minecraft:wooden_pickaxe":2,"eternal_tales:raccoon_fur":2,"eternal_tales:growing_skill_stone":1,"minecraft:string":1,"minecraft:dirt":20,"eternal_tales:stress_pills":2,"minecraft:leather_boots":2,"minecraft:bone":1,"minecraft:apple":4,"minecraft:wheat_seeds":3,"eternal_tales:paeonia_et":1,"minecraft:beef":5,"minecraft:sugar_cane":10,"minecraft:birch_sapling":1,"minecraft:oak_planks":2,"eternal_tales:starter_kit":1,"minecraft:oak_fence":1,"minecraft:porkchop":14,"tombstone:grave_dust":3,"minecraft:spruce_log":7,"eternal_tales:broken_totem_of_rash_decisions":2,"minecraft:leather_helmet":2,"minecraft:orange_bed":2,"eternal_tales:totem_of_eternal_darkness":1,"minecraft:polished_andesite":1,"minecraft:stone_sword":1,"minecraft:stone_shovel":1,"minecraft:rotten_flesh":6,"minecraft:stone_axe":2,"eternal_tales:journal":2,"minecraft:gray_wool":1,"minecraft:mutton":5,"minecraft:white_wool":3,"minecraft:oxeye_daisy":2},"minecraft:used":{"minecraft:stone_sword":62,"eternal_tales:growing_skill_stone":1,"minecraft:polished_andesite":1,"minecraft:oak_planks":2,"minecraft:wooden_pickaxe":1,"minecraft:leather_chestplate":1,"eternal_tales:stress_pills":2,"eternal_tales:blueberry_bush":2,"minecraft:leather_boots":1,"minecraft:rotten_flesh":6,"minecraft:cookie":3,"minecraft:dirt":17,"minecraft:apple":2,"minecraft:birch_sapling":1,"minecraft:leather_helmet":1,"eternal_tales:starter_kit":2,"minecraft:stone_axe":15,"minecraft:porkchop":9,"tombstone:gift":5},"minecraft:crafted":{"minecraft:spruce_planks":28,"minecraft:birch_planks":28},"minecraft:killed":{"minecraft:pig":7,"minecraft:spider":1,"minecraft:sheep":4,"minecraft:skeleton":2,"minecraft:zombie":2,"minecraft:chicken":3,"minecraft:cow":3},"minecraft:killed_by":{"minecraft:player":2,"minecraft:skeleton":1,"minecraft:creeper":2},"minecraft:custom":{"minecraft:interact_with_furnace":1,"minecraft:mob_kills":22,"minecraft:interact_with_crafting_table":1,"minecraft:leave_game":3,"minecraft:time_since_death":13552,"minecraft:sleep_in_bed":3,"minecraft:time_since_rest":10823,"minecraft:sprint_one_cm":146732,"minecraft:damage_taken":2886,"minecraft:walk_one_cm":56857,"minecraft:drop":2,"minecraft:damage_dealt":3213,"minecraft:swim_one_cm":5569,"minecraft:fly_one_cm":150908,"minecraft:player_kills":4,"minecraft:open_chest":9,"minecraft:crouch_one_cm":3653,"minecraft:play_time":46514,"tombstone:undead_killed":4,"minecraft:deaths":7,"minecraft:sneak_time":1441,"minecraft:walk_under_water_one_cm":4951,"tombstone:tomb_raiding":1,"minecraft:jump":808,"minecraft:walk_on_water_one_cm":8350,"minecraft:total_world_time":46514,"minecraft:fall_one_cm":30133},"minecraft:dropped":{"eternal_tales:raccoon_fur":1,"eternal_tales:totem_of_eternal_darkness":1}},"DataVersion":3465}