{"stats":{"minecraft:broken":{"minecraft:leather_helmet":1,"minecraft:leather_chestplate":1,"minecraft:shield":1,"minecraft:leather_boots":1},"minecraft:crafted":{"eternal_tales:flowering_planks":80,"minecraft:furnace":1,"eternal_tales:cobaltarmor_leggings":1,"eternal_tales:rubygem":5,"eternal_tales:cobaltpickaxe":1,"eternal_tales:cobaltarmor_chestplate":1,"eternal_tales:petrified_planks":8,"minecraft:chest":2,"eternal_tales:cobalt_shield":1,"eternal_tales:cobaltarmor_helmet":1,"minecraft:diamond_sword":1,"minecraft:crafting_table":3,"minecraft:spruce_planks":88,"eternal_tales:gold_shield":1,"eternal_tales:cobaltingot":30,"minecraft:bucket":2,"minecraft:birch_planks":28,"minecraft:air":0,"eternal_tales:cobaltarmor_boots":1,"eternal_tales:rubypickaxe":2,"minecraft:iron_chestplate":1,"minecraft:diamond_pickaxe":1,"minecraft:gold_nugget":9,"minecraft:shield":2,"minecraft:stick":16,"minecraft:iron_ingot":25,"minecraft:iron_leggings":1,"minecraft:gold_ingot":9},"minecraft:mined":{"eternal_tales:deepslate_chlorine_ore":7,"eternal_tales:salt_block":11,"eternal_tales:aquatura_flower":15,"minecraft:diamond_ore":1,"minecraft:tuff":33,"minecraft:white_bed":1,"minecraft:deepslate_diamond_ore":3,"minecraft:sea_lantern":5,"minecraft:ladder":1,"minecraft:budding_amethyst":1,"eternal_tales:karst_stone":4,"minecraft:grass_block":5,"eternal_tales:livetreewithertrap":1,"minecraft:spruce_leaves":6,"eternal_tales:pyroxenite":11,"eternal_tales:flowering_leaves":2,"minecraft:spawner":5,"eternal_tales:ruby_bud_small":1,"minecraft:furnace":1,"minecraft:iron_ore":14,"minecraft:cobbled_deepslate":2,"minecraft:andesite":1,"minecraft:deepslate_lapis_ore":2,"eternal_tales:caviar_crate":14,"minecraft:deepslate_iron_ore":8,"eternal_tales:latit":5,"eternal_tales:chlorine_ore":5,"minecraft:stone":52,"eternal_tales:growing_skill_stone":1,"eternal_tales:astrantia":1,"minecraft:orange_bed":5,"eternal_tales:diorite_dirt":1,"minecraft:brown_mushroom":2,"eternal_tales:ruby_cluster":4,"eternal_tales:petrified_log":2,"eternal_tales:paeonia_et":1,"minecraft:crafting_table":2,"minecraft:torch":9,"minecraft:calcite":4,"minecraft:poppy":1,"eternal_tales:budding_ruby":8,"eternal_tales:ruby_block":32,"eternal_tales:brown_clay":2,"minecraft:tall_grass":1,"eternal_tales:deepslate_quinine_ore":24,"minecraft:cobblestone":6,"minecraft:lapis_ore":1,"minecraft:oak_planks":1,"minecraft:sugar_cane":10,"minecraft:wall_torch":7,"minecraft:amethyst_block":3,"minecraft:deepslate_copper_ore":1,"eternal_tales:livetreefiretrap":1,"eternal_tales:deepslate_cobalt_ore":13,"eternal_tales:vividstatue":1,"minecraft:birch_log":7,"minecraft:spruce_log":7,"eternal_tales:vase_et_white":9,"minecraft:grass":26,"eternal_tales:blueberry_bush":2,"eternal_tales:ruby_bud_large":2,"minecraft:dirt":9,"eternal_tales:livetreepoisontrap":3,"minecraft:smooth_basalt":2,"eternal_tales:flowering_log":21,"minecraft:mossy_stone_bricks":1,"minecraft:oak_leaves":3,"eternal_tales:flowering_planks":2,"minecraft:deepslate":56},"minecraft:custom":{"minecraft:mob_kills":125,"minecraft:interact_with_crafting_table":33,"minecraft:open_barrel":3,"minecraft:leave_game":11,"minecraft:time_since_death":30857,"minecraft:climb_one_cm":5364,"minecraft:sprint_one_cm":753898,"minecraft:walk_one_cm":369031,"minecraft:damage_blocked_by_shield":6485,"minecraft:drop":66,"minecraft:talked_to_villager":4,"minecraft:play_time":322993,"minecraft:sneak_time":24978,"minecraft:deaths":36,"minecraft:walk_under_water_one_cm":23901,"tombstone:tomb_raiding":1,"minecraft:boat_one_cm":1429398,"minecraft:jump":5695,"minecraft:interact_with_blast_furnace":17,"minecraft:walk_on_water_one_cm":51607,"minecraft:total_world_time":322993,"minecraft:interact_with_furnace":31,"minecraft:sleep_in_bed":13,"minecraft:time_since_rest":8046,"minecraft:damage_taken":14506,"tombstone:sneak_grave":1,"minecraft:damage_dealt":26086,"tombstone:cast_on_ally":0,"minecraft:player_kills":4,"minecraft:swim_one_cm":87229,"minecraft:fly_one_cm":1019032,"minecraft:open_chest":64,"minecraft:crouch_one_cm":61103,"tombstone:undead_killed":65,"minecraft:interact_with_smoker":2,"minecraft:fall_one_cm":183902},"minecraft:used":{"minecraft:stone_sword":130,"eternal_tales:astrantia":1,"eternal_tales:flowering_log":1,"minecraft:poppy":3,"minecraft:chest":2,"minecraft:spruce_planks":7,"minecraft:shield":51,"eternal_tales:blueberry_bush":2,"minecraft:orange_bed":5,"minecraft:rotten_flesh":41,"minecraft:torch":18,"minecraft:dirt":22,"minecraft:mutton":18,"eternal_tales:cobalt_shield":29,"minecraft:carrot":55,"minecraft:tuff":33,"eternal_tales:forbiddenmask_helmet":1,"eternal_tales:order_of_the_universe":8,"minecraft:birch_sapling":1,"minecraft:beef":17,"minecraft:egg":2,"minecraft:furnace":2,"minecraft:potato":1,"tombstone:gift":15,"minecraft:cobbled_deepslate":62,"eternal_tales:paeonia_et":1,"minecraft:water_bucket":5,"eternal_tales:cobaltpickaxe":10,"eternal_tales:petrified_planks":8,"eternal_tales:growing_skill_stone":1,"minecraft:polished_andesite":1,"minecraft:oak_planks":2,"minecraft:wooden_pickaxe":11,"minecraft:leather_chestplate":1,"eternal_tales:stress_pills":2,"minecraft:leather_boots":1,"minecraft:white_wool":6,"minecraft:cookie":3,"eternal_tales:flowering_planks":13,"minecraft:crafting_table":4,"tombstone:bag_of_seeds":2,"minecraft:diamond_pickaxe":297,"minecraft:apple":7,"minecraft:chicken":3,"minecraft:bread":3,"minecraft:suspicious_stew":1,"tombstone:magic_scroll":1,"eternal_tales:starter_kit":2,"minecraft:leather_helmet":1,"tombstone:grave_key":15,"eternal_tales:rubypickaxe":26,"minecraft:stone_axe":41,"minecraft:diamond_sword":316,"eternal_tales:caviar_crate":12,"minecraft:cobblestone":76,"minecraft:porkchop":20,"minecraft:bucket":6,"minecraft:oak_boat":2},"minecraft:dropped":{"minecraft:enchanted_book":3,"eternal_tales:glow_dye":1,"minecraft:wheat_seeds":1,"minecraft:oak_log":1,"minecraft:glow_ink_sac":2,"minecraft:diamond":3,"minecraft:glass_bottle":2,"minecraft:cobblestone":13,"minecraft:stick":1,"eternal_tales:totem_of_eternal_darkness":1,"minecraft:gray_wool":2,"minecraft:string":14,"minecraft:white_wool":1,"minecraft:bucket":1,"minecraft:bone":5,"minecraft:gravel":1,"minecraft:stone_sword":2,"eternal_tales:latit":1,"minecraft:cobbled_deepslate":4,"eternal_tales:bronze_coin":6,"minecraft:bowl":2,"minecraft:rotten_flesh":17,"minecraft:oak_planks":3,"eternal_tales:raccoon_fur":2,"minecraft:carrot":31,"eternal_tales:rubypickaxe":1,"eternal_tales:diorite_dirt":1,"minecraft:spider_eye":1,"minecraft:raw_gold":2,"eternal_tales:terra_shard":4},"minecraft:killed":{"eternal_tales:vivid":1,"eternal_tales:squindine":1,"minecraft:spider":5,"minecraft:skeleton":16,"eternal_tales:interdimensional_banshee":3,"minecraft:chicken":3,"eternal_tales:interdimensionipyre":5,"minecraft:drowned":2,"eternal_tales:interdimensional_zombie":6,"minecraft:pig":10,"eternal_tales:flea":1,"minecraft:creeper":1,"eternal_tales:flower_zombie":4,"minecraft:sheep":13,"minecraft:zombie":32,"eternal_tales:beast":1,"eternal_tales:dimensioner":8,"minecraft:cow":10},"minecraft:killed_by":{"minecraft:player":2,"minecraft:creeper":3,"eternal_tales:beast":2,"minecraft:iron_golem":5,"eternal_tales:vivid":2,"eternal_tales:cold_overseer":2,"minecraft:skeleton":4,"minecraft:zombie":1},"minecraft:picked_up":{"eternal_tales:karst_stone":6,"eternal_tales:blueberry_bush":2,"minecraft:crafting_table":2,"minecraft:chicken":3,"minecraft:prismarine_shard":1,"eternal_tales:aquatura_flower":15,"minecraft:leather_leggings":1,"minecraft:wooden_pickaxe":2,"minecraft:enchanted_book":2,"eternal_tales:forbiddenmask_helmet":1,"eternal_tales:raccoon_fur":3,"eternal_tales:growing_skill_stone":1,"minecraft:string":20,"eternal_tales:stress_pills":2,"eternal_tales:energy_drink":1,"eternal_tales:flowering_planks":5,"eternal_tales:astrantia":2,"minecraft:cobbled_deepslate":65,"minecraft:bucket":1,"eternal_tales:raw_cobalt":16,"eternal_tales:paeonia_et":1,"minecraft:beef":17,"minecraft:oak_boat":2,"minecraft:poppy":2,"minecraft:sugar_cane":23,"minecraft:birch_sapling":1,"eternal_tales:starter_kit":1,"minecraft:furnace":1,"minecraft:egg":2,"minecraft:stick":5,"minecraft:raw_iron":24,"minecraft:oak_fence":1,"eternal_tales:latit":7,"minecraft:torch":20,"minecraft:bowl":1,"eternal_tales:petrified_log":2,"eternal_tales:raw_quinine":23,"minecraft:porkchop":20,"eternal_tales:brown_clay_ball":8,"tombstone:grave_dust":8,"eternal_tales:livetree_bow":1,"minecraft:prismarine_crystals":2,"eternal_tales:blood_drop":1,"minecraft:orange_bed":5,"eternal_tales:totem_of_eternal_darkness":1,"eternal_tales:poisonoil":1,"minecraft:stone_sword":3,"minecraft:arrow":3,"minecraft:stone_shovel":1,"minecraft:rotten_flesh":60,"eternal_tales:pyroxenite":4,"eternal_tales:chlorine":6,"eternal_tales:journal":2,"eternal_tales:beast_leather":2,"tombstone:essence_of_undeath":1,"minecraft:mutton":18,"eternal_tales:heart_et":1,"minecraft:white_wool":9,"minecraft:cobblestone":97,"minecraft:oxeye_daisy":2,"minecraft:birch_log":7,"minecraft:leather_chestplate":2,"minecraft:feather":3,"minecraft:glow_ink_sac":2,"minecraft:leather":9,"minecraft:filled_map":1,"eternal_tales:smithing_template_wild_upgrade":1,"minecraft:tuff":33,"minecraft:oak_log":1,"eternal_tales:glowlichen_seeds":4,"minecraft:gunpowder":2,"minecraft:lapis_lazuli":21,"minecraft:dirt":29,"tombstone:gift":4,"minecraft:leather_boots":2,"minecraft:bone":11,"minecraft:apple":4,"minecraft:kelp":11,"minecraft:wheat_seeds":4,"minecraft:raw_gold":7,"minecraft:iron_ingot":9,"eternal_tales:glow_dye":2,"tombstone:bag_of_seeds":1,"eternal_tales:diorite_dirt":1,"minecraft:glass_bottle":2,"eternal_tales:salt":74,"minecraft:oak_planks":5,"eternal_tales:rubygem":2,"eternal_tales:order_of_the_universe":1,"minecraft:gravel":1,"eternal_tales:caviar_crate":14,"eternal_tales:chili_pepper_seeds":4,"eternal_tales:ruby_shard":20,"minecraft:white_bed":1,"minecraft:spruce_log":7,"minecraft:spider_eye":1,"eternal_tales:broken_totem_of_rash_decisions":2,"minecraft:leather_helmet":3,"eternal_tales:flowering_log":21,"eternal_tales:bronze_coin":13,"eternal_tales:ruby_block":29,"minecraft:polished_andesite":1,"eternal_tales:fear_textbook":1,"minecraft:diamond":4,"minecraft:stone_axe":2,"eternal_tales:terra_shard":6,"minecraft:gray_wool":3,"minecraft:emerald":1,"tombstone:magic_scroll":1,"eternal_tales:livetreesawdust":4,"eternal_tales:raw_chlorine":13}},"DataVersion":3465}