{"stats":{"minecraft:mined":{"eternal_tales:aquatura_flower":15,"eternal_tales:diorite_dirt":1,"minecraft:sea_lantern":5,"minecraft:grass_block":2,"minecraft:tall_grass":1,"minecraft:cobblestone":6,"minecraft:spruce_leaves":6,"minecraft:oak_planks":1,"minecraft:sugar_cane":6,"eternal_tales:flowering_leaves":2,"minecraft:wall_torch":1,"minecraft:birch_log":7,"minecraft:spruce_log":7,"eternal_tales:caviar_crate":14,"minecraft:grass":14,"eternal_tales:blueberry_bush":2,"minecraft:dirt":7,"eternal_tales:flowering_log":10,"minecraft:stone":8,"eternal_tales:growing_skill_stone":1,"eternal_tales:astrantia":1,"eternal_tales:flowering_planks":2,"minecraft:oak_leaves":3,"minecraft:orange_bed":4},"minecraft:picked_up":{"minecraft:birch_log":7,"eternal_tales:blueberry_bush":2,"minecraft:leather_chestplate":2,"minecraft:feather":3,"minecraft:chicken":3,"eternal_tales:aquatura_flower":15,"minecraft:leather_leggings":1,"minecraft:leather":3,"minecraft:wooden_pickaxe":2,"eternal_tales:raccoon_fur":3,"minecraft:string":1,"eternal_tales:growing_skill_stone":1,"minecraft:dirt":24,"eternal_tales:stress_pills":2,"eternal_tales:flowering_planks":2,"minecraft:leather_boots":2,"minecraft:bone":1,"minecraft:apple":4,"minecraft:wheat_seeds":3,"eternal_tales:astrantia":1,"eternal_tales:paeonia_et":1,"minecraft:beef":5,"eternal_tales:diorite_dirt":1,"minecraft:sugar_cane":16,"minecraft:birch_sapling":1,"minecraft:oak_planks":2,"eternal_tales:starter_kit":1,"minecraft:stick":5,"minecraft:oak_fence":1,"minecraft:torch":1,"eternal_tales:caviar_crate":14,"minecraft:porkchop":19,"tombstone:grave_dust":5,"minecraft:spruce_log":7,"minecraft:prismarine_crystals":2,"eternal_tales:broken_totem_of_rash_decisions":2,"minecraft:leather_helmet":2,"eternal_tales:flowering_log":10,"minecraft:orange_bed":4,"minecraft:polished_andesite":1,"eternal_tales:totem_of_eternal_darkness":1,"minecraft:stone_sword":2,"minecraft:rotten_flesh":6,"minecraft:stone_shovel":1,"minecraft:stone_axe":2,"eternal_tales:journal":2,"minecraft:gray_wool":1,"minecraft:emerald":1,"tombstone:magic_scroll":1,"minecraft:mutton":5,"eternal_tales:heart_et":1,"minecraft:white_wool":3,"minecraft:cobblestone":14,"minecraft:oxeye_daisy":2},"minecraft:used":{"minecraft:stone_sword":100,"eternal_tales:growing_skill_stone":1,"minecraft:polished_andesite":1,"minecraft:oak_planks":2,"minecraft:chest":1,"minecraft:wooden_pickaxe":11,"minecraft:leather_chestplate":1,"eternal_tales:stress_pills":2,"eternal_tales:blueberry_bush":2,"minecraft:leather_boots":1,"minecraft:rotten_flesh":6,"minecraft:cookie":3,"minecraft:orange_bed":3,"minecraft:dirt":17,"eternal_tales:flowering_planks":12,"minecraft:crafting_table":1,"minecraft:diamond_pickaxe":8,"minecraft:apple":4,"minecraft:bread":3,"minecraft:birch_sapling":1,"minecraft:leather_helmet":1,"eternal_tales:starter_kit":2,"minecraft:stone_axe":27,"eternal_tales:caviar_crate":9,"minecraft:diamond_sword":72,"minecraft:cobblestone":8,"minecraft:beef":5,"minecraft:porkchop":14,"tombstone:gift":7},"minecraft:crafted":{"minecraft:diamond_sword":1,"minecraft:crafting_table":1,"minecraft:spruce_planks":28,"eternal_tales:flowering_planks":40,"minecraft:birch_planks":28,"minecraft:diamond_pickaxe":1,"minecraft:shield":1,"minecraft:stick":4,"minecraft:iron_ingot":1,"minecraft:chest":1,"minecraft:iron_leggings":1},"minecraft:killed":{"eternal_tales:interdimensional_zombie":5,"minecraft:pig":9,"minecraft:spider":1,"minecraft:sheep":4,"minecraft:skeleton":2,"eternal_tales:interdimensional_banshee":2,"minecraft:zombie":2,"minecraft:chicken":3,"eternal_tales:interdimensionipyre":5,"eternal_tales:dimensioner":8,"minecraft:cow":3},"minecraft:killed_by":{"minecraft:player":2,"minecraft:skeleton":1,"minecraft:creeper":2},"minecraft:custom":{"minecraft:interact_with_furnace":1,"minecraft:mob_kills":44,"minecraft:interact_with_crafting_table":11,"minecraft:open_barrel":3,"minecraft:leave_game":4,"minecraft:time_since_death":48630,"minecraft:sleep_in_bed":6,"minecraft:climb_one_cm":1580,"minecraft:time_since_rest":18578,"minecraft:sprint_one_cm":235986,"minecraft:damage_taken":2996,"minecraft:walk_one_cm":86153,"minecraft:drop":5,"minecraft:damage_dealt":9879,"minecraft:player_kills":4,"minecraft:swim_one_cm":26027,"minecraft:fly_one_cm":292239,"minecraft:play_time":81592,"minecraft:crouch_one_cm":22558,"minecraft:open_chest":16,"tombstone:undead_killed":14,"minecraft:deaths":7,"minecraft:sneak_time":9731,"minecraft:walk_under_water_one_cm":7935,"tombstone:tomb_raiding":1,"minecraft:jump":1548,"minecraft:walk_on_water_one_cm":14072,"minecraft:total_world_time":81592,"minecraft:fall_one_cm":48092},"minecraft:dropped":{"minecraft:stone_sword":1,"eternal_tales:raccoon_fur":2,"minecraft:stick":1,"eternal_tales:totem_of_eternal_darkness":1}},"DataVersion":3465}