{"stats":{"minecraft:broken":{"minecraft:leather_helmet":1,"minecraft:leather_chestplate":1,"minecraft:shield":1,"minecraft:leather_boots":1,"eternal_tales:cobalt_shield":1},"minecraft:crafted":{"eternal_tales:flowering_planks":80,"eternal_tales:crystalized_glowstone":1,"eternal_tales:cobaltarmor_leggings":1,"eternal_tales:cobaltpickaxe":1,"minecraft:chest":2,"eternal_tales:cobaltarmor_helmet":1,"minecraft:crafting_table":3,"minecraft:spruce_planks":88,"eternal_tales:cobaltingot":30,"minecraft:birch_planks":28,"minecraft:iron_chestplate":1,"minecraft:paper":3,"minecraft:diamond_pickaxe":1,"minecraft:shield":2,"minecraft:stick":16,"minecraft:iron_ingot":25,"minecraft:gold_ingot":9,"minecraft:furnace":1,"eternal_tales:rubygem":5,"eternal_tales:cobaltarmor_chestplate":1,"eternal_tales:petrified_planks":8,"eternal_tales:cobalt_shield":1,"minecraft:diamond_sword":1,"eternal_tales:notice_board":1,"eternal_tales:gold_shield":1,"minecraft:bucket":2,"minecraft:air":0,"eternal_tales:cobaltarmor_boots":1,"eternal_tales:rubypickaxe":2,"minecraft:gold_nugget":9,"minecraft:iron_leggings":1},"minecraft:mined":{"eternal_tales:aquatura_flower":15,"eternal_tales:deepslate_chlorine_ore":7,"minecraft:white_bed":1,"minecraft:budding_amethyst":1,"minecraft:grass_block":5,"minecraft:cracked_polished_blackstone_bricks":23,"eternal_tales:livetreewithertrap":1,"minecraft:crimson_fungus":1,"minecraft:gilded_blackstone":2,"minecraft:spawner":7,"minecraft:polished_blackstone_bricks":41,"minecraft:weeping_vines_plant":1,"minecraft:magma_block":2,"minecraft:iron_ore":14,"minecraft:cobbled_deepslate":2,"minecraft:deepslate_lapis_ore":2,"eternal_tales:caviar_crate":14,"eternal_tales:latit":5,"eternal_tales:crystalized_glowstone_generated":1,"eternal_tales:chlorine_ore":5,"minecraft:orange_bed":5,"minecraft:brown_mushroom":2,"minecraft:blackstone":51,"eternal_tales:ruby_cluster":4,"eternal_tales:petrified_log":2,"minecraft:crimson_nylium":7,"minecraft:torch":9,"minecraft:calcite":4,"minecraft:poppy":1,"eternal_tales:budding_ruby":8,"eternal_tales:ruby_block":32,"eternal_tales:brown_clay":2,"minecraft:cobblestone":6,"minecraft:sugar_cane":10,"minecraft:oak_planks":1,"minecraft:wall_torch":7,"minecraft:amethyst_block":3,"minecraft:deepslate_copper_ore":1,"eternal_tales:livetreefiretrap":1,"minecraft:birch_log":7,"eternal_tales:vase_et_white":9,"minecraft:grass":26,"minecraft:dirt":9,"minecraft:smooth_basalt":2,"eternal_tales:flowering_log":21,"minecraft:netherrack":35,"minecraft:oak_leaves":3,"minecraft:deepslate":56,"eternal_tales:crystalized_glowstone_block":2,"eternal_tales:salt_block":11,"minecraft:diamond_ore":1,"minecraft:tuff":33,"minecraft:deepslate_diamond_ore":3,"eternal_tales:blazing_nylium":3,"minecraft:sea_lantern":5,"minecraft:nether_bricks":5,"minecraft:ladder":1,"eternal_tales:karst_stone":4,"minecraft:crimson_roots":1,"minecraft:spruce_leaves":6,"eternal_tales:pyroxenite":11,"eternal_tales:flowering_leaves":2,"eternal_tales:profaned_mushroom":3,"minecraft:furnace":1,"eternal_tales:ruby_bud_small":1,"minecraft:carrots":2,"minecraft:andesite":1,"minecraft:deepslate_iron_ore":8,"minecraft:stone":52,"eternal_tales:astrantia":1,"eternal_tales:growing_skill_stone":1,"eternal_tales:diorite_dirt":1,"eternal_tales:paeonia_et":1,"minecraft:crafting_table":2,"eternal_tales:deepslate_quinine_ore":24,"minecraft:tall_grass":1,"minecraft:lapis_ore":1,"eternal_tales:deepslate_cobalt_ore":13,"eternal_tales:vividstatue":1,"minecraft:spruce_log":7,"eternal_tales:blueberry_bush":2,"eternal_tales:ruby_bud_large":2,"eternal_tales:livetreepoisontrap":3,"minecraft:mossy_stone_bricks":1,"eternal_tales:flowering_planks":2},"minecraft:custom":{"minecraft:interact_with_crafting_table":34,"minecraft:open_barrel":3,"minecraft:leave_game":12,"minecraft:time_since_death":605,"minecraft:sprint_one_cm":821906,"minecraft:damage_blocked_by_shield":10880,"minecraft:drop":76,"minecraft:talked_to_villager":4,"minecraft:play_time":352366,"minecraft:deaths":44,"tombstone:tomb_raiding":1,"minecraft:jump":6396,"minecraft:walk_on_water_one_cm":51607,"minecraft:interact_with_furnace":31,"minecraft:sleep_in_bed":13,"tombstone:sneak_grave":1,"minecraft:damage_dealt":31767,"minecraft:player_kills":4,"minecraft:crouch_one_cm":76888,"tombstone:undead_killed":70,"minecraft:interact_with_smoker":2,"minecraft:mob_kills":142,"minecraft:climb_one_cm":5819,"minecraft:walk_one_cm":411534,"minecraft:sneak_time":31147,"minecraft:walk_under_water_one_cm":23901,"minecraft:boat_one_cm":1429398,"minecraft:interact_with_blast_furnace":17,"minecraft:total_world_time":352366,"minecraft:time_since_rest":1,"minecraft:damage_taken":17573,"tombstone:cast_on_ally":0,"minecraft:swim_one_cm":87229,"minecraft:fly_one_cm":1102968,"minecraft:open_chest":76,"minecraft:fall_one_cm":202998},"minecraft:used":{"eternal_tales:astrantia":1,"eternal_tales:flowering_log":1,"minecraft:poppy":3,"minecraft:chest":2,"minecraft:shield":51,"eternal_tales:blueberry_bush":2,"minecraft:rotten_flesh":41,"minecraft:mutton":18,"minecraft:carrot":96,"minecraft:tuff":33,"eternal_tales:forbiddenmask_helmet":1,"minecraft:birch_sapling":1,"minecraft:crimson_roots":1,"minecraft:furnace":2,"minecraft:egg":2,"minecraft:potato":1,"eternal_tales:paeonia_et":1,"eternal_tales:growing_skill_stone":1,"minecraft:oak_planks":2,"minecraft:leather_chestplate":1,"minecraft:wooden_pickaxe":11,"eternal_tales:stress_pills":2,"minecraft:cookie":3,"minecraft:white_wool":8,"minecraft:bread":3,"eternal_tales:crystalized_glowstone_block":1,"eternal_tales:starter_kit":2,"tombstone:grave_key":21,"eternal_tales:rubypickaxe":26,"minecraft:diamond_sword":400,"minecraft:oak_boat":2,"minecraft:stone_sword":130,"eternal_tales:crystalized_glowstone":1,"minecraft:spruce_planks":43,"minecraft:netherrack":44,"minecraft:orange_bed":5,"minecraft:torch":18,"minecraft:dirt":22,"eternal_tales:notice_board":1,"eternal_tales:cobalt_shield":55,"eternal_tales:order_of_the_universe":9,"minecraft:beef":17,"tombstone:gift":15,"minecraft:cobbled_deepslate":62,"minecraft:water_bucket":5,"eternal_tales:cobaltpickaxe":185,"eternal_tales:petrified_planks":8,"minecraft:polished_andesite":1,"minecraft:leather_boots":1,"minecraft:polished_blackstone_bricks":39,"eternal_tales:flowering_planks":13,"minecraft:crafting_table":4,"tombstone:bag_of_seeds":2,"minecraft:diamond_pickaxe":297,"minecraft:apple":7,"minecraft:chicken":3,"minecraft:suspicious_stew":1,"tombstone:magic_scroll":1,"minecraft:leather_helmet":1,"minecraft:stone_axe":41,"eternal_tales:caviar_crate":12,"minecraft:cobblestone":76,"minecraft:cooked_porkchop":1,"minecraft:porkchop":20,"minecraft:bucket":6},"minecraft:dropped":{"eternal_tales:glow_dye":1,"minecraft:oak_log":1,"minecraft:glow_ink_sac":2,"minecraft:glass_bottle":2,"minecraft:diamond":3,"minecraft:weeping_vines":1,"eternal_tales:totem_of_eternal_darkness":1,"minecraft:crimson_roots":2,"minecraft:white_wool":1,"minecraft:gold_ingot":11,"minecraft:bone":8,"minecraft:gravel":1,"eternal_tales:bronze_coin":6,"minecraft:cobbled_deepslate":4,"eternal_tales:latit":1,"minecraft:rotten_flesh":17,"minecraft:oak_planks":3,"eternal_tales:raccoon_fur":2,"minecraft:carrot":31,"eternal_tales:rubypickaxe":1,"eternal_tales:diorite_dirt":1,"eternal_tales:destroyer_eye":5,"eternal_tales:ancienzyte_bolt":27,"eternal_tales:brown_clay_ball":8,"minecraft:enchanted_book":3,"eternal_tales:crystalized_glowstone_block":1,"minecraft:wheat_seeds":1,"minecraft:cobblestone":13,"minecraft:stick":1,"minecraft:gray_wool":2,"minecraft:string":14,"minecraft:bucket":1,"minecraft:stone_sword":2,"minecraft:bowl":2,"minecraft:spider_eye":1,"minecraft:raw_gold":2,"eternal_tales:terra_shard":4},"minecraft:killed":{"minecraft:spider":5,"minecraft:skeleton":17,"minecraft:chicken":3,"eternal_tales:interdimensionipyre":5,"eternal_tales:interdimensional_zombie":6,"minecraft:piglin":4,"minecraft:pig":10,"eternal_tales:hell_overseer":1,"minecraft:creeper":1,"minecraft:sheep":13,"minecraft:zombie":32,"eternal_tales:infern":5,"eternal_tales:beast":1,"eternal_tales:dimensioner":8,"minecraft:cow":10,"minecraft:blaze":1,"eternal_tales:vivid":1,"eternal_tales:squindine":1,"eternal_tales:interdimensional_banshee":3,"minecraft:drowned":2,"eternal_tales:flea":1,"minecraft:hoglin":1,"eternal_tales:flower_zombie":4,"minecraft:wither_skeleton":4},"minecraft:killed_by":{"minecraft:creeper":3,"eternal_tales:beast":2,"eternal_tales:cold_overseer":2,"eternal_tales:infern":5,"minecraft:blaze":1,"minecraft:zombie":1,"minecraft:player":2,"minecraft:iron_golem":5,"eternal_tales:vivid":2,"minecraft:skeleton":4},"minecraft:picked_up":{"eternal_tales:karst_stone":6,"eternal_tales:blueberry_bush":2,"minecraft:prismarine_shard":1,"eternal_tales:aquatura_flower":15,"minecraft:enchanted_book":2,"minecraft:gilded_blackstone":2,"eternal_tales:forbiddenmask_helmet":1,"eternal_tales:growing_skill_stone":1,"minecraft:string":20,"eternal_tales:stress_pills":2,"eternal_tales:energy_drink":1,"minecraft:cobbled_deepslate":65,"minecraft:bucket":1,"eternal_tales:starter_kit":1,"minecraft:furnace":1,"minecraft:stick":5,"minecraft:oak_fence":1,"minecraft:torch":20,"eternal_tales:latit":7,"minecraft:porkchop":20,"eternal_tales:raw_quinine":23,"tombstone:grave_dust":8,"eternal_tales:blood_drop":1,"minecraft:orange_bed":5,"eternal_tales:totem_of_eternal_darkness":1,"minecraft:stone_sword":3,"minecraft:rotten_flesh":60,"eternal_tales:chlorine":6,"eternal_tales:beast_leather":2,"minecraft:cobblestone":97,"minecraft:birch_log":7,"minecraft:leather_chestplate":2,"minecraft:feather":3,"minecraft:tuff":33,"minecraft:lapis_lazuli":21,"minecraft:dirt":29,"minecraft:leather_boots":2,"minecraft:bone":14,"minecraft:wheat_seeds":4,"minecraft:raw_gold":7,"eternal_tales:glow_dye":2,"eternal_tales:diorite_dirt":1,"minecraft:oak_planks":5,"eternal_tales:rubygem":2,"eternal_tales:order_of_the_universe":1,"eternal_tales:crystalized_glowstone_block":2,"eternal_tales:broken_totem_of_rash_decisions":2,"minecraft:polished_andesite":1,"minecraft:diamond":4,"eternal_tales:terra_shard":6,"minecraft:cracked_polished_blackstone_bricks":23,"minecraft:emerald":1,"minecraft:netherrack":44,"eternal_tales:crystalized_glowstone_shard":4,"eternal_tales:raw_chlorine":13,"minecraft:crimson_roots":3,"minecraft:crafting_table":2,"minecraft:chicken":3,"minecraft:leather_leggings":1,"minecraft:wooden_pickaxe":2,"eternal_tales:destroyer_eye":5,"eternal_tales:raccoon_fur":3,"eternal_tales:flowering_planks":5,"minecraft:blackstone":49,"eternal_tales:astrantia":2,"eternal_tales:raw_cobalt":16,"eternal_tales:paeonia_et":1,"minecraft:beef":17,"minecraft:oak_boat":2,"minecraft:poppy":2,"minecraft:sugar_cane":23,"minecraft:birch_sapling":1,"minecraft:egg":2,"minecraft:raw_iron":24,"minecraft:bowl":1,"eternal_tales:petrified_log":2,"minecraft:polished_blackstone_bricks":40,"eternal_tales:brown_clay_ball":8,"eternal_tales:livetree_bow":1,"minecraft:carrot":2,"minecraft:prismarine_crystals":2,"minecraft:weeping_vines":2,"eternal_tales:poisonoil":1,"minecraft:arrow":3,"minecraft:stone_shovel":1,"minecraft:nether_bricks":1,"eternal_tales:pyroxenite":4,"eternal_tales:journal":2,"eternal_tales:profaned_mushroom":3,"tombstone:essence_of_undeath":1,"minecraft:mutton":18,"minecraft:white_wool":9,"eternal_tales:heart_et":2,"minecraft:oxeye_daisy":2,"minecraft:glow_ink_sac":2,"eternal_tales:ancienzyte_bolt":27,"minecraft:leather":9,"minecraft:filled_map":1,"eternal_tales:smithing_template_wild_upgrade":1,"minecraft:oak_log":1,"eternal_tales:glowlichen_seeds":4,"minecraft:gunpowder":11,"tombstone:gift":4,"minecraft:apple":4,"minecraft:kelp":11,"minecraft:iron_ingot":9,"tombstone:bag_of_seeds":1,"minecraft:glass_bottle":2,"eternal_tales:salt":74,"minecraft:gravel":1,"eternal_tales:caviar_crate":14,"eternal_tales:chili_pepper_seeds":4,"eternal_tales:ruby_shard":20,"minecraft:white_bed":1,"minecraft:spruce_log":7,"minecraft:spider_eye":1,"minecraft:leather_helmet":3,"eternal_tales:flowering_log":21,"eternal_tales:bronze_coin":41,"eternal_tales:ruby_block":29,"eternal_tales:fear_textbook":2,"minecraft:stone_axe":2,"eternal_tales:star_lord_emblem":2,"minecraft:gray_wool":3,"tombstone:magic_scroll":1,"eternal_tales:livetreesawdust":4}},"DataVersion":3465}