{"stats":{"minecraft:picked_up":{"eternal_tales:blueberry_bush":2,"minecraft:crafting_table":1,"minecraft:chicken":3,"minecraft:leather_leggings":1,"eternal_tales:aquatura_flower":15,"minecraft:wooden_pickaxe":2,"eternal_tales:raccoon_fur":3,"eternal_tales:growing_skill_stone":1,"minecraft:string":2,"eternal_tales:stress_pills":2,"eternal_tales:flowering_planks":2,"eternal_tales:astrantia":1,"minecraft:cobbled_deepslate":5,"eternal_tales:paeonia_et":1,"minecraft:beef":17,"minecraft:sugar_cane":20,"minecraft:birch_sapling":1,"eternal_tales:starter_kit":1,"minecraft:stick":5,"minecraft:raw_iron":15,"minecraft:oak_fence":1,"minecraft:torch":9,"eternal_tales:petrified_log":2,"eternal_tales:raw_quinine":23,"minecraft:porkchop":19,"eternal_tales:brown_clay_ball":8,"tombstone:grave_dust":5,"minecraft:prismarine_crystals":2,"minecraft:orange_bed":5,"eternal_tales:totem_of_eternal_darkness":1,"minecraft:stone_shovel":1,"minecraft:stone_sword":2,"minecraft:arrow":3,"minecraft:rotten_flesh":20,"eternal_tales:journal":2,"minecraft:mutton":16,"eternal_tales:heart_et":1,"minecraft:white_wool":8,"minecraft:cobblestone":26,"minecraft:oxeye_daisy":2,"minecraft:birch_log":7,"minecraft:leather_chestplate":2,"minecraft:feather":3,"minecraft:leather":9,"minecraft:oak_log":1,"minecraft:lapis_lazuli":21,"minecraft:dirt":27,"minecraft:leather_boots":2,"minecraft:bone":2,"minecraft:apple":4,"minecraft:wheat_seeds":3,"eternal_tales:diorite_dirt":1,"eternal_tales:salt":12,"minecraft:oak_planks":5,"minecraft:gravel":1,"eternal_tales:caviar_crate":14,"minecraft:spruce_log":7,"eternal_tales:broken_totem_of_rash_decisions":2,"minecraft:leather_helmet":2,"eternal_tales:flowering_log":20,"minecraft:polished_andesite":1,"eternal_tales:fear_textbook":1,"minecraft:diamond":2,"minecraft:stone_axe":2,"minecraft:gray_wool":2,"minecraft:emerald":1,"tombstone:magic_scroll":1,"eternal_tales:raw_chlorine":8},"minecraft:mined":{"eternal_tales:aquatura_flower":15,"eternal_tales:salt_block":3,"eternal_tales:deepslate_chlorine_ore":7,"minecraft:diamond_ore":1,"minecraft:deepslate_diamond_ore":1,"minecraft:sea_lantern":5,"minecraft:budding_amethyst":1,"minecraft:grass_block":5,"minecraft:spruce_leaves":6,"eternal_tales:flowering_leaves":2,"minecraft:iron_ore":13,"minecraft:deepslate_lapis_ore":2,"eternal_tales:caviar_crate":14,"minecraft:deepslate_iron_ore":2,"eternal_tales:chlorine_ore":1,"minecraft:stone":17,"eternal_tales:astrantia":1,"eternal_tales:growing_skill_stone":1,"minecraft:orange_bed":5,"eternal_tales:diorite_dirt":1,"eternal_tales:petrified_log":2,"minecraft:crafting_table":1,"minecraft:torch":6,"minecraft:calcite":4,"eternal_tales:brown_clay":2,"eternal_tales:deepslate_quinine_ore":24,"minecraft:tall_grass":1,"minecraft:cobblestone":6,"minecraft:lapis_ore":1,"minecraft:sugar_cane":8,"minecraft:oak_planks":1,"minecraft:wall_torch":3,"minecraft:amethyst_block":3,"minecraft:deepslate_copper_ore":1,"minecraft:birch_log":7,"minecraft:spruce_log":7,"minecraft:grass":18,"eternal_tales:blueberry_bush":2,"minecraft:dirt":7,"minecraft:smooth_basalt":2,"eternal_tales:flowering_log":20,"minecraft:deepslate":5,"minecraft:oak_leaves":3,"eternal_tales:flowering_planks":2},"minecraft:used":{"minecraft:stone_sword":100,"minecraft:chest":1,"minecraft:shield":47,"eternal_tales:blueberry_bush":2,"minecraft:rotten_flesh":9,"minecraft:orange_bed":5,"minecraft:torch":6,"minecraft:dirt":20,"minecraft:mutton":16,"minecraft:birch_sapling":1,"minecraft:beef":17,"tombstone:gift":7,"eternal_tales:growing_skill_stone":1,"eternal_tales:petrified_planks":4,"minecraft:polished_andesite":1,"minecraft:oak_planks":2,"minecraft:leather_chestplate":1,"minecraft:wooden_pickaxe":11,"eternal_tales:stress_pills":2,"minecraft:leather_boots":1,"minecraft:cookie":3,"eternal_tales:flowering_planks":12,"minecraft:crafting_table":2,"minecraft:diamond_pickaxe":89,"minecraft:apple":7,"minecraft:chicken":3,"minecraft:bread":3,"eternal_tales:starter_kit":2,"minecraft:leather_helmet":1,"minecraft:stone_axe":41,"minecraft:diamond_sword":145,"eternal_tales:caviar_crate":12,"minecraft:cobblestone":14,"minecraft:porkchop":19},"minecraft:crafted":{"eternal_tales:flowering_planks":80,"eternal_tales:petrified_planks":8,"minecraft:chest":1,"minecraft:diamond_sword":1,"minecraft:crafting_table":2,"minecraft:spruce_planks":28,"minecraft:birch_planks":28,"minecraft:diamond_pickaxe":1,"minecraft:shield":1,"minecraft:stick":4,"minecraft:iron_ingot":1,"minecraft:iron_leggings":1},"minecraft:broken":{"minecraft:leather_helmet":1,"minecraft:leather_chestplate":1,"minecraft:leather_boots":1},"minecraft:killed":{"minecraft:spider":2,"minecraft:skeleton":7,"eternal_tales:interdimensional_banshee":3,"minecraft:chicken":3,"eternal_tales:interdimensionipyre":5,"eternal_tales:interdimensional_zombie":6,"minecraft:pig":9,"minecraft:sheep":11,"minecraft:zombie":9,"eternal_tales:dimensioner":8,"minecraft:cow":10},"minecraft:killed_by":{"minecraft:player":2,"minecraft:creeper":3,"minecraft:skeleton":3},"minecraft:custom":{"minecraft:mob_kills":75,"minecraft:interact_with_crafting_table":12,"minecraft:open_barrel":3,"minecraft:leave_game":7,"minecraft:time_since_death":4754,"minecraft:climb_one_cm":2442,"minecraft:sprint_one_cm":349690,"minecraft:walk_one_cm":144060,"minecraft:damage_blocked_by_shield":2130,"minecraft:drop":14,"minecraft:play_time":117235,"minecraft:deaths":10,"minecraft:sneak_time":12852,"minecraft:walk_under_water_one_cm":8632,"tombstone:tomb_raiding":1,"minecraft:jump":2458,"minecraft:walk_on_water_one_cm":17661,"minecraft:total_world_time":117235,"minecraft:interact_with_furnace":1,"minecraft:sleep_in_bed":7,"minecraft:time_since_rest":3246,"minecraft:damage_taken":4791,"minecraft:damage_dealt":14758,"minecraft:swim_one_cm":58498,"minecraft:fly_one_cm":474586,"minecraft:player_kills":4,"minecraft:open_chest":16,"minecraft:crouch_one_cm":32270,"tombstone:undead_killed":27,"minecraft:fall_one_cm":78095},"minecraft:dropped":{"minecraft:oak_log":1,"minecraft:cobblestone":5,"minecraft:stick":1,"eternal_tales:totem_of_eternal_darkness":1,"minecraft:gray_wool":1,"minecraft:string":1,"minecraft:bone":2,"minecraft:gravel":1,"minecraft:stone_sword":1,"minecraft:oak_planks":3,"eternal_tales:raccoon_fur":2}},"DataVersion":3465}