{"stats":{"minecraft:picked_up":{"minecraft:birch_log":7,"eternal_tales:blueberry_bush":2,"minecraft:crafting_table":1,"minecraft:leather_chestplate":2,"minecraft:feather":3,"minecraft:chicken":3,"eternal_tales:aquatura_flower":15,"minecraft:leather_leggings":1,"minecraft:leather":9,"minecraft:wooden_pickaxe":2,"eternal_tales:raccoon_fur":3,"minecraft:lapis_lazuli":21,"minecraft:string":1,"eternal_tales:growing_skill_stone":1,"minecraft:dirt":27,"eternal_tales:stress_pills":2,"eternal_tales:flowering_planks":2,"minecraft:leather_boots":2,"minecraft:bone":1,"minecraft:apple":4,"minecraft:wheat_seeds":3,"eternal_tales:astrantia":1,"eternal_tales:paeonia_et":1,"minecraft:beef":17,"eternal_tales:diorite_dirt":1,"minecraft:sugar_cane":20,"minecraft:birch_sapling":1,"minecraft:oak_planks":2,"eternal_tales:starter_kit":1,"minecraft:raw_iron":4,"minecraft:stick":5,"minecraft:oak_fence":1,"minecraft:torch":5,"eternal_tales:petrified_log":2,"eternal_tales:caviar_crate":14,"minecraft:porkchop":19,"eternal_tales:brown_clay_ball":8,"tombstone:grave_dust":5,"minecraft:spruce_log":7,"minecraft:prismarine_crystals":2,"eternal_tales:broken_totem_of_rash_decisions":2,"minecraft:leather_helmet":2,"eternal_tales:flowering_log":20,"minecraft:orange_bed":5,"minecraft:polished_andesite":1,"eternal_tales:totem_of_eternal_darkness":1,"minecraft:stone_sword":2,"minecraft:rotten_flesh":16,"minecraft:stone_shovel":1,"minecraft:stone_axe":2,"eternal_tales:journal":2,"minecraft:gray_wool":2,"minecraft:emerald":1,"tombstone:magic_scroll":1,"minecraft:mutton":16,"minecraft:cobblestone":14,"minecraft:white_wool":8,"eternal_tales:heart_et":1,"minecraft:oxeye_daisy":2},"minecraft:mined":{"eternal_tales:aquatura_flower":15,"eternal_tales:deepslate_chlorine_ore":2,"eternal_tales:diorite_dirt":1,"eternal_tales:petrified_log":2,"minecraft:sea_lantern":5,"minecraft:crafting_table":1,"minecraft:torch":4,"minecraft:grass_block":5,"eternal_tales:brown_clay":2,"minecraft:tall_grass":1,"minecraft:cobblestone":6,"minecraft:spruce_leaves":6,"minecraft:lapis_ore":1,"minecraft:oak_planks":1,"minecraft:sugar_cane":8,"eternal_tales:flowering_leaves":2,"minecraft:wall_torch":1,"minecraft:deepslate_copper_ore":1,"minecraft:iron_ore":2,"minecraft:birch_log":7,"minecraft:spruce_log":7,"minecraft:deepslate_lapis_ore":2,"minecraft:deepslate_iron_ore":2,"eternal_tales:caviar_crate":14,"minecraft:grass":18,"eternal_tales:blueberry_bush":2,"minecraft:dirt":7,"eternal_tales:flowering_log":20,"minecraft:stone":8,"eternal_tales:growing_skill_stone":1,"eternal_tales:astrantia":1,"minecraft:oak_leaves":3,"eternal_tales:flowering_planks":2,"minecraft:orange_bed":5},"minecraft:used":{"minecraft:stone_sword":100,"eternal_tales:growing_skill_stone":1,"minecraft:polished_andesite":1,"minecraft:oak_planks":2,"minecraft:chest":1,"minecraft:wooden_pickaxe":11,"minecraft:shield":14,"minecraft:leather_chestplate":1,"eternal_tales:stress_pills":2,"eternal_tales:blueberry_bush":2,"minecraft:leather_boots":1,"minecraft:rotten_flesh":6,"minecraft:cookie":3,"minecraft:orange_bed":5,"minecraft:torch":4,"minecraft:dirt":20,"minecraft:mutton":16,"eternal_tales:flowering_planks":12,"minecraft:crafting_table":2,"minecraft:diamond_pickaxe":19,"minecraft:apple":7,"minecraft:bread":3,"minecraft:birch_sapling":1,"minecraft:leather_helmet":1,"eternal_tales:starter_kit":2,"minecraft:stone_axe":41,"eternal_tales:caviar_crate":12,"minecraft:diamond_sword":135,"minecraft:cobblestone":14,"minecraft:beef":7,"minecraft:porkchop":19,"tombstone:gift":7},"minecraft:crafted":{"minecraft:diamond_sword":1,"minecraft:crafting_table":2,"minecraft:spruce_planks":28,"eternal_tales:flowering_planks":80,"minecraft:birch_planks":28,"minecraft:diamond_pickaxe":1,"minecraft:shield":1,"minecraft:stick":4,"minecraft:iron_ingot":1,"minecraft:chest":1,"minecraft:iron_leggings":1},"minecraft:broken":{"minecraft:leather_helmet":1,"minecraft:leather_boots":1},"minecraft:killed":{"eternal_tales:interdimensional_zombie":6,"minecraft:pig":9,"minecraft:spider":1,"minecraft:sheep":11,"minecraft:skeleton":4,"eternal_tales:interdimensional_banshee":3,"minecraft:zombie":9,"minecraft:chicken":3,"eternal_tales:interdimensionipyre":5,"eternal_tales:dimensioner":8,"minecraft:cow":10},"minecraft:killed_by":{"minecraft:player":2,"minecraft:skeleton":3,"minecraft:creeper":2},"minecraft:custom":{"minecraft:interact_with_furnace":1,"minecraft:mob_kills":70,"minecraft:interact_with_crafting_table":12,"minecraft:open_barrel":3,"minecraft:leave_game":7,"minecraft:time_since_death":5130,"minecraft:climb_one_cm":2442,"minecraft:sleep_in_bed":7,"minecraft:time_since_rest":2894,"minecraft:sprint_one_cm":311830,"minecraft:damage_taken":4089,"minecraft:walk_one_cm":112608,"minecraft:damage_blocked_by_shield":630,"minecraft:drop":6,"minecraft:damage_dealt":14029,"minecraft:player_kills":4,"minecraft:swim_one_cm":58498,"minecraft:fly_one_cm":449623,"minecraft:play_time":105235,"minecraft:crouch_one_cm":28621,"minecraft:open_chest":16,"tombstone:undead_killed":24,"minecraft:deaths":9,"minecraft:sneak_time":11390,"minecraft:walk_under_water_one_cm":8632,"tombstone:tomb_raiding":1,"minecraft:jump":2282,"minecraft:walk_on_water_one_cm":17661,"minecraft:total_world_time":105235,"minecraft:fall_one_cm":71661},"minecraft:dropped":{"minecraft:stone_sword":1,"eternal_tales:raccoon_fur":2,"minecraft:stick":1,"minecraft:gray_wool":1,"eternal_tales:totem_of_eternal_darkness":1}},"DataVersion":3465}