{"stats":{"minecraft:broken":{"minecraft:leather_helmet":1,"minecraft:leather_chestplate":1,"minecraft:leather_boots":1},"minecraft:crafted":{"eternal_tales:flowering_planks":80,"eternal_tales:petrified_planks":8,"minecraft:chest":1,"minecraft:diamond_sword":1,"minecraft:crafting_table":2,"minecraft:spruce_planks":28,"minecraft:birch_planks":28,"minecraft:diamond_pickaxe":1,"minecraft:shield":1,"minecraft:stick":4,"minecraft:iron_ingot":1,"minecraft:iron_leggings":1},"minecraft:mined":{"eternal_tales:aquatura_flower":15,"eternal_tales:deepslate_chlorine_ore":7,"eternal_tales:salt_block":11,"minecraft:diamond_ore":1,"minecraft:deepslate_diamond_ore":1,"minecraft:sea_lantern":5,"minecraft:budding_amethyst":1,"minecraft:grass_block":5,"minecraft:spruce_leaves":6,"eternal_tales:pyroxenite":5,"eternal_tales:flowering_leaves":2,"minecraft:iron_ore":14,"minecraft:andesite":1,"minecraft:deepslate_lapis_ore":2,"eternal_tales:caviar_crate":14,"minecraft:deepslate_iron_ore":2,"eternal_tales:latit":1,"eternal_tales:chlorine_ore":4,"minecraft:stone":52,"eternal_tales:astrantia":1,"eternal_tales:growing_skill_stone":1,"minecraft:orange_bed":5,"eternal_tales:diorite_dirt":1,"eternal_tales:petrified_log":2,"eternal_tales:paeonia_et":1,"minecraft:crafting_table":1,"minecraft:torch":7,"minecraft:calcite":4,"minecraft:poppy":1,"eternal_tales:brown_clay":2,"eternal_tales:deepslate_quinine_ore":24,"minecraft:tall_grass":1,"minecraft:cobblestone":6,"minecraft:lapis_ore":1,"minecraft:sugar_cane":8,"minecraft:oak_planks":1,"minecraft:wall_torch":6,"minecraft:amethyst_block":3,"minecraft:deepslate_copper_ore":1,"minecraft:birch_log":7,"minecraft:spruce_log":7,"minecraft:grass":25,"eternal_tales:blueberry_bush":2,"minecraft:dirt":9,"minecraft:smooth_basalt":2,"eternal_tales:flowering_log":20,"minecraft:oak_leaves":3,"eternal_tales:flowering_planks":2,"minecraft:deepslate":6},"minecraft:custom":{"minecraft:mob_kills":93,"minecraft:interact_with_crafting_table":12,"minecraft:open_barrel":3,"minecraft:leave_game":8,"minecraft:time_since_death":3501,"minecraft:climb_one_cm":2442,"minecraft:sprint_one_cm":486198,"minecraft:walk_one_cm":197591,"minecraft:damage_blocked_by_shield":2430,"minecraft:drop":26,"minecraft:play_time":152127,"minecraft:deaths":21,"minecraft:sneak_time":16088,"minecraft:walk_under_water_one_cm":10965,"tombstone:tomb_raiding":1,"minecraft:jump":3578,"minecraft:walk_on_water_one_cm":22960,"minecraft:total_world_time":152127,"minecraft:interact_with_furnace":1,"minecraft:sleep_in_bed":7,"minecraft:time_since_rest":2670,"minecraft:damage_taken":8210,"tombstone:sneak_grave":1,"minecraft:damage_dealt":17258,"minecraft:swim_one_cm":59124,"minecraft:fly_one_cm":758134,"minecraft:player_kills":4,"minecraft:open_chest":16,"minecraft:crouch_one_cm":43571,"tombstone:undead_killed":38,"minecraft:fall_one_cm":121942},"minecraft:used":{"eternal_tales:astrantia":1,"minecraft:stone_sword":130,"minecraft:poppy":3,"minecraft:chest":1,"minecraft:shield":48,"eternal_tales:blueberry_bush":2,"minecraft:rotten_flesh":23,"minecraft:orange_bed":5,"minecraft:torch":11,"minecraft:dirt":22,"minecraft:mutton":18,"minecraft:birch_sapling":1,"minecraft:beef":17,"tombstone:gift":9,"minecraft:egg":2,"eternal_tales:paeonia_et":1,"eternal_tales:petrified_planks":8,"eternal_tales:growing_skill_stone":1,"minecraft:polished_andesite":1,"minecraft:oak_planks":2,"minecraft:wooden_pickaxe":11,"minecraft:leather_chestplate":1,"eternal_tales:stress_pills":2,"minecraft:leather_boots":1,"minecraft:cookie":3,"eternal_tales:flowering_planks":13,"minecraft:crafting_table":2,"minecraft:diamond_pickaxe":146,"minecraft:apple":7,"minecraft:chicken":3,"minecraft:bread":3,"minecraft:leather_helmet":1,"eternal_tales:starter_kit":2,"tombstone:grave_key":1,"minecraft:stone_axe":41,"minecraft:diamond_sword":171,"eternal_tales:caviar_crate":12,"minecraft:cobblestone":57,"minecraft:porkchop":20},"minecraft:dropped":{"minecraft:wheat_seeds":1,"minecraft:oak_log":1,"minecraft:cobblestone":13,"minecraft:stick":1,"eternal_tales:totem_of_eternal_darkness":1,"minecraft:gray_wool":2,"minecraft:string":5,"minecraft:white_wool":1,"minecraft:bone":2,"minecraft:gravel":1,"eternal_tales:latit":1,"minecraft:stone_sword":2,"eternal_tales:bronze_coin":6,"minecraft:rotten_flesh":3,"minecraft:oak_planks":3,"eternal_tales:raccoon_fur":2,"eternal_tales:terra_shard":3},"minecraft:killed":{"minecraft:spider":5,"minecraft:skeleton":8,"eternal_tales:interdimensional_banshee":3,"minecraft:chicken":3,"eternal_tales:interdimensionipyre":5,"eternal_tales:interdimensional_zombie":6,"minecraft:pig":10,"eternal_tales:flower_zombie":4,"minecraft:sheep":13,"minecraft:zombie":15,"eternal_tales:dimensioner":8,"minecraft:cow":10},"minecraft:killed_by":{"minecraft:player":2,"minecraft:creeper":3,"minecraft:skeleton":3},"minecraft:picked_up":{"minecraft:crafting_table":1,"eternal_tales:blueberry_bush":2,"minecraft:chicken":3,"minecraft:leather_leggings":1,"eternal_tales:aquatura_flower":15,"minecraft:wooden_pickaxe":2,"eternal_tales:raccoon_fur":3,"eternal_tales:growing_skill_stone":1,"minecraft:string":10,"eternal_tales:stress_pills":2,"eternal_tales:flowering_planks":2,"eternal_tales:astrantia":2,"minecraft:cobbled_deepslate":6,"eternal_tales:paeonia_et":1,"minecraft:beef":17,"minecraft:poppy":2,"minecraft:sugar_cane":20,"minecraft:birch_sapling":1,"eternal_tales:starter_kit":1,"minecraft:egg":2,"minecraft:stick":5,"minecraft:raw_iron":16,"minecraft:oak_fence":1,"eternal_tales:latit":1,"minecraft:torch":13,"eternal_tales:petrified_log":2,"eternal_tales:raw_quinine":23,"minecraft:porkchop":20,"eternal_tales:brown_clay_ball":8,"tombstone:grave_dust":5,"minecraft:prismarine_crystals":2,"minecraft:orange_bed":5,"eternal_tales:totem_of_eternal_darkness":1,"minecraft:rotten_flesh":31,"minecraft:stone_sword":3,"minecraft:arrow":3,"minecraft:stone_shovel":1,"eternal_tales:journal":2,"minecraft:mutton":18,"minecraft:cobblestone":87,"minecraft:white_wool":9,"eternal_tales:heart_et":1,"minecraft:oxeye_daisy":2,"minecraft:birch_log":7,"minecraft:leather_chestplate":2,"minecraft:feather":3,"minecraft:leather":9,"minecraft:oak_log":1,"minecraft:lapis_lazuli":21,"minecraft:dirt":29,"tombstone:gift":2,"minecraft:leather_boots":2,"minecraft:bone":2,"minecraft:apple":4,"minecraft:wheat_seeds":4,"eternal_tales:diorite_dirt":1,"eternal_tales:salt":44,"minecraft:oak_planks":5,"minecraft:gravel":1,"eternal_tales:caviar_crate":14,"minecraft:spruce_log":7,"eternal_tales:broken_totem_of_rash_decisions":2,"minecraft:leather_helmet":2,"eternal_tales:flowering_log":20,"eternal_tales:bronze_coin":6,"minecraft:polished_andesite":1,"eternal_tales:fear_textbook":1,"minecraft:diamond":2,"minecraft:stone_axe":2,"eternal_tales:terra_shard":3,"minecraft:gray_wool":3,"minecraft:emerald":1,"tombstone:magic_scroll":1,"eternal_tales:raw_chlorine":11}},"DataVersion":3465}