{"stats":{"minecraft:broken":{"minecraft:stone_axe":1,"minecraft:iron_sword":1,"minecraft:iron_pickaxe":2},"minecraft:crafted":{"minecraft:oak_planks":140,"minecraft:cooked_chicken":6,"minecraft:stone":52,"minecraft:bookshelf":4,"minecraft:cooked_mutton":11,"minecraft:bow":1,"eternal_tales:cobaltpickaxe":1,"minecraft:diamond_leggings":1,"minecraft:iron_boots":1,"minecraft:chest":3,"minecraft:stone_hoe":1,"eternal_tales:cobaltarmor_helmet":1,"minecraft:oak_slab":18,"minecraft:cooked_porkchop":6,"minecraft:crafting_table":2,"minecraft:spruce_planks":48,"eternal_tales:salt_chicken":6,"minecraft:iron_helmet":1,"minecraft:baked_potato":22,"eternal_tales:cobaltingot":18,"minecraft:lectern":4,"minecraft:iron_chestplate":1,"minecraft:diamond_pickaxe":1,"minecraft:shield":2,"minecraft:stick":36,"minecraft:iron_pickaxe":5,"minecraft:gold_ingot":26,"minecraft:golden_carrot":11,"eternal_tales:ruby_spear":3,"minecraft:coal":9,"minecraft:fishing_rod":1,"minecraft:furnace":1,"eternal_tales:rubygem":21,"minecraft:iron_axe":2,"minecraft:diamond_boots":1,"eternal_tales:bone_spear":3,"minecraft:spruce_boat":1,"eternal_tales:salt_porkchop":6,"minecraft:cooked_beef":21,"minecraft:coal_block":14,"minecraft:diamond_sword":1,"minecraft:iron_sword":3,"minecraft:cooked_salmon":106,"minecraft:bucket":1,"eternal_tales:salt_beef":2,"minecraft:bread":9,"minecraft:air":0,"eternal_tales:rubypickaxe":1,"minecraft:gold_nugget":90,"minecraft:iron_leggings":1,"minecraft:white_bed":2,"minecraft:torch":36,"minecraft:lapis_block":12,"minecraft:diamond_chestplate":1},"minecraft:mined":{"minecraft:white_bed":5,"minecraft:oak_sapling":1,"minecraft:granite":41,"minecraft:grass_block":11,"minecraft:composter":2,"minecraft:spawner":3,"minecraft:tall_seagrass":7,"minecraft:iron_ore":1,"minecraft:cobbled_deepslate":59,"minecraft:fire":1,"minecraft:deepslate_lapis_ore":16,"eternal_tales:latit":6,"eternal_tales:chlorine_ore":10,"eternal_tales:ruby_bud_medium":3,"eternal_tales:ruby_cluster":22,"minecraft:torch":2,"minecraft:chest":1,"eternal_tales:budding_ruby":1,"eternal_tales:ruby_block":7,"eternal_tales:brown_clay":3,"minecraft:cobblestone":5,"minecraft:sugar_cane":3,"minecraft:oak_planks":6,"minecraft:wall_torch":3,"minecraft:seagrass":4,"minecraft:wheat":27,"eternal_tales:blue_mushroom":1,"eternal_tales:vase_et_white":3,"minecraft:grass":40,"minecraft:oak_log":83,"minecraft:beetroots":2,"minecraft:dirt":29,"minecraft:oak_leaves":2,"minecraft:deepslate":273,"minecraft:tuff":29,"minecraft:deepslate_diamond_ore":40,"eternal_tales:karst_stone":6,"minecraft:spruce_leaves":1,"eternal_tales:pyroxenite":8,"minecraft:large_fern":4,"minecraft:furnace":1,"minecraft:spruce_sapling":1,"minecraft:carrots":69,"eternal_tales:ruby_bud_small":2,"minecraft:andesite":11,"minecraft:bookshelf":8,"minecraft:potatoes":6,"minecraft:deepslate_iron_ore":8,"minecraft:stone":107,"minecraft:white_wool":1,"minecraft:dandelion":1,"minecraft:crafting_table":4,"minecraft:lectern":1,"minecraft:tall_grass":6,"minecraft:copper_ore":1,"minecraft:deepslate_gold_ore":20,"minecraft:diorite":12,"eternal_tales:deepslate_cobalt_ore":17,"minecraft:spruce_log":12,"minecraft:coal_ore":91,"eternal_tales:ruby_bud_large":4,"minecraft:gravel":6,"minecraft:cobweb":2,"minecraft:gold_ore":5,"minecraft:fern":1},"minecraft:custom":{"minecraft:interact_with_crafting_table":98,"minecraft:open_barrel":2,"minecraft:leave_game":7,"minecraft:time_since_death":5765,"minecraft:sprint_one_cm":698709,"minecraft:damage_blocked_by_shield":4230,"minecraft:drop":108,"minecraft:talked_to_villager":35,"minecraft:play_time":279752,"minecraft:deaths":4,"minecraft:jump":4956,"minecraft:walk_on_water_one_cm":75259,"minecraft:interact_with_furnace":87,"minecraft:sleep_in_bed":14,"minecraft:damage_dealt":44993,"minecraft:crouch_one_cm":35387,"tombstone:undead_killed":69,"minecraft:mob_kills":286,"minecraft:climb_one_cm":4833,"minecraft:walk_one_cm":619191,"minecraft:sneak_time":11189,"minecraft:walk_under_water_one_cm":94883,"minecraft:interact_with_blast_furnace":2,"minecraft:total_world_time":279752,"tombstone:raider_killed":1,"minecraft:time_since_rest":5649,"minecraft:damage_taken":5679,"minecraft:swim_one_cm":183814,"minecraft:fly_one_cm":1008916,"minecraft:open_chest":163,"minecraft:fish_caught":3,"minecraft:fall_one_cm":103879},"minecraft:used":{"minecraft:spruce_slab":4,"minecraft:chest":4,"minecraft:shield":78,"minecraft:iron_sword":385,"minecraft:carrot":164,"minecraft:tuff":6,"minecraft:furnace":2,"minecraft:oak_sapling":10,"minecraft:egg":3,"minecraft:potato":2,"minecraft:diorite":1,"eternal_tales:latit":2,"minecraft:oak_planks":6,"eternal_tales:stress_pills":3,"minecraft:white_wool":2,"eternal_tales:salt_fish":4,"minecraft:bread":6,"minecraft:lectern":5,"eternal_tales:starter_kit":1,"eternal_tales:rubypickaxe":26,"minecraft:diamond_sword":267,"minecraft:andesite":11,"eternal_tales:blue_mushroom":1,"minecraft:bone_meal":6,"minecraft:stone_sword":113,"minecraft:stone_shovel":11,"minecraft:stone_hoe":6,"minecraft:torch":14,"minecraft:dirt":28,"minecraft:granite":20,"minecraft:iron_axe":109,"minecraft:golden_carrot":8,"tombstone:gift":6,"minecraft:cooked_beef":19,"minecraft:cobbled_deepslate":232,"minecraft:cooked_mutton":11,"minecraft:water_bucket":11,"eternal_tales:flowering_slab":4,"eternal_tales:cobaltpickaxe":4,"eternal_tales:salt_porkchop":5,"minecraft:crafting_table":6,"minecraft:white_bed":4,"eternal_tales:salt_beef":2,"minecraft:diamond_pickaxe":109,"minecraft:apple":2,"minecraft:iron_pickaxe":685,"eternal_tales:karst_stone":2,"minecraft:spruce_sapling":10,"minecraft:stone_axe":86,"minecraft:fishing_rod":6,"minecraft:cobblestone":52,"minecraft:cobbled_deepslate_slab":54,"minecraft:bucket":12,"eternal_tales:ruby_block":1},"minecraft:dropped":{"minecraft:baked_potato":22,"minecraft:glow_ink_sac":3,"minecraft:glass_bottle":2,"minecraft:leather":1,"minecraft:leather_helmet":2,"minecraft:cod":2,"minecraft:dirt":4,"eternal_tales:ruby_block":6,"minecraft:mutton":4,"minecraft:sunflower":5,"minecraft:white_wool":1,"minecraft:gravel":6,"eternal_tales:ruby_spear":1,"eternal_tales:latit":6,"minecraft:cobbled_deepslate":2,"minecraft:beetroot":2,"minecraft:rotten_flesh":24,"eternal_tales:pyroxenite":10,"minecraft:glowstone_dust":2,"eternal_tales:raccoon_fur":3,"minecraft:salmon":39,"minecraft:poppy":14,"minecraft:leather_chestplate":2,"minecraft:beetroot_seeds":5,"minecraft:leather_boots":2,"minecraft:ladder":1,"minecraft:leather_leggings":2,"minecraft:arrow":2,"eternal_tales:brown_clay_ball":4,"minecraft:oak_slab":2,"minecraft:wheat_seeds":73,"minecraft:cobblestone":8,"minecraft:granite":21,"minecraft:copper_ingot":1,"minecraft:stick":4,"eternal_tales:tea_seeds":11,"eternal_tales:raw_chlorine":3,"tombstone:magic_scroll":1,"minecraft:cooked_salmon":106,"tombstone:grave_dust":4,"minecraft:dandelion":1,"minecraft:stone_sword":1,"minecraft:raw_copper":2,"minecraft:bowl":2,"minecraft:tuff":23,"minecraft:raw_iron":9,"minecraft:stone_shovel":1,"minecraft:shield":6,"minecraft:spider_eye":6,"tombstone:essence_of_undeath":1,"minecraft:wooden_pickaxe":1,"eternal_tales:karst_stone":4},"minecraft:killed":{"minecraft:witch":1,"minecraft:spider":1,"minecraft:skeleton":10,"minecraft:chicken":6,"eternal_tales:interdimensionipyre":9,"eternal_tales:interdimensional_zombie":18,"minecraft:pig":4,"minecraft:salmon":152,"minecraft:iron_golem":13,"minecraft:creeper":3,"minecraft:sheep":9,"minecraft:zombie":26,"eternal_tales:spirit":1,"eternal_tales:beast":1,"eternal_tales:dimensioner":4,"minecraft:cow":17,"eternal_tales:sunflower_spider":5,"minecraft:drowned":3,"eternal_tales:flower_zombie":3},"minecraft:killed_by":{"minecraft:zombie":1,"minecraft:iron_golem":2,"eternal_tales:vivid":1},"minecraft:picked_up":{"eternal_tales:karst_stone":6,"minecraft:wheat":27,"minecraft:lead":2,"minecraft:enchanted_book":1,"minecraft:stone_brick_stairs":1,"minecraft:string":23,"minecraft:raw_copper":2,"eternal_tales:stress_pills":3,"minecraft:beetroot":2,"minecraft:cobbled_deepslate":332,"eternal_tales:comets_brick":1,"eternal_tales:starter_kit":1,"minecraft:furnace":1,"minecraft:stick":22,"minecraft:composter":1,"minecraft:torch":6,"eternal_tales:latit":8,"minecraft:porkchop":6,"tombstone:grave_dust":16,"minecraft:diorite":1,"eternal_tales:blood_drop":1,"eternal_tales:experience_booster":1,"minecraft:rotten_flesh":48,"eternal_tales:beast_leather":2,"eternal_tales:chlorine":1,"minecraft:cod":2,"minecraft:cobblestone":60,"minecraft:leather_chestplate":1,"minecraft:feather":5,"minecraft:andesite":11,"minecraft:potato":24,"minecraft:tuff":29,"eternal_tales:tea_seeds":11,"minecraft:lapis_lazuli":109,"minecraft:dirt":35,"minecraft:leather_boots":1,"minecraft:bone":17,"minecraft:bow":1,"eternal_tales:ruby_spear":3,"minecraft:wheat_seeds":73,"minecraft:raw_gold":34,"minecraft:bamboo":2,"minecraft:oak_planks":7,"eternal_tales:witheroil":1,"eternal_tales:livetreebanner":1,"minecraft:bundle":2,"eternal_tales:salt_beef":1,"minecraft:sugar":3,"minecraft:diamond":40,"eternal_tales:terra_shard":17,"minecraft:granite":41,"minecraft:bone_meal":6,"minecraft:oak_sapling":21,"eternal_tales:raw_chlorine":20,"minecraft:crafting_table":4,"minecraft:chicken":6,"minecraft:ladder":1,"minecraft:leather_leggings":1,"minecraft:shield":5,"eternal_tales:raccoon_fur":3,"eternal_tales:raw_cobalt":18,"minecraft:beef":28,"minecraft:oak_boat":1,"minecraft:poppy":18,"minecraft:light_gray_wool":1,"minecraft:lectern":1,"minecraft:sugar_cane":8,"minecraft:chest":1,"minecraft:egg":3,"minecraft:raw_iron":9,"minecraft:copper_ingot":2,"minecraft:bowl":1,"eternal_tales:brown_clay_ball":4,"minecraft:carrot":286,"eternal_tales:poisonoil":1,"eternal_tales:salt_fish":77,"minecraft:arrow":20,"minecraft:beetroot_seeds":5,"eternal_tales:pyroxenite":18,"minecraft:mutton":15,"minecraft:white_wool":9,"eternal_tales:heart_et":1,"minecraft:glow_ink_sac":3,"minecraft:salmon":145,"minecraft:leather":21,"eternal_tales:fireoil":1,"minecraft:oak_log":83,"minecraft:gunpowder":4,"eternal_tales:blue_mushroom":1,"minecraft:iron_ingot":63,"eternal_tales:salt":15,"minecraft:book":24,"eternal_tales:bone_spear":2,"minecraft:dandelion":1,"minecraft:gravel":6,"eternal_tales:silver_coin":1,"minecraft:spruce_sapling":15,"minecraft:spruce_log":13,"eternal_tales:ruby_shard":88,"minecraft:white_bed":5,"minecraft:spider_eye":9,"minecraft:leather_helmet":1,"eternal_tales:bronze_coin":32,"eternal_tales:ruby_block":7,"eternal_tales:fear_textbook":1,"tombstone:magic_scroll":2,"minecraft:coal":96,"minecraft:sunflower":6}},"DataVersion":3465}