{"stats":{"minecraft:broken":{"minecraft:stone_axe":1,"minecraft:iron_sword":1,"minecraft:iron_pickaxe":2},"minecraft:crafted":{"eternal_tales:ruby_spear":3,"minecraft:oak_planks":76,"minecraft:cooked_chicken":6,"minecraft:furnace":1,"minecraft:stone":52,"minecraft:bookshelf":4,"minecraft:cooked_mutton":11,"eternal_tales:rubygem":3,"eternal_tales:cobaltpickaxe":1,"minecraft:diamond_leggings":1,"minecraft:iron_boots":1,"minecraft:iron_axe":1,"minecraft:chest":1,"eternal_tales:bone_spear":3,"minecraft:cooked_beef":21,"minecraft:coal_block":4,"minecraft:oak_slab":18,"minecraft:crafting_table":1,"minecraft:iron_helmet":1,"minecraft:iron_sword":1,"minecraft:cooked_salmon":106,"eternal_tales:cobaltingot":12,"minecraft:bucket":1,"minecraft:bread":5,"minecraft:air":0,"minecraft:lectern":4,"eternal_tales:rubypickaxe":1,"minecraft:iron_chestplate":1,"minecraft:diamond_pickaxe":1,"minecraft:shield":1,"minecraft:stick":16,"minecraft:iron_pickaxe":3,"minecraft:iron_leggings":1,"minecraft:gold_ingot":7,"minecraft:diamond_chestplate":1},"minecraft:mined":{"minecraft:tuff":28,"minecraft:white_bed":1,"minecraft:deepslate_diamond_ore":20,"minecraft:granite":41,"eternal_tales:karst_stone":6,"minecraft:grass_block":9,"eternal_tales:pyroxenite":5,"minecraft:composter":2,"minecraft:tall_seagrass":7,"eternal_tales:ruby_bud_small":2,"minecraft:furnace":1,"minecraft:carrots":21,"minecraft:iron_ore":1,"minecraft:cobbled_deepslate":2,"minecraft:andesite":11,"minecraft:deepslate_lapis_ore":16,"minecraft:bookshelf":8,"minecraft:potatoes":4,"minecraft:deepslate_iron_ore":8,"eternal_tales:latit":6,"eternal_tales:chlorine_ore":10,"eternal_tales:ruby_bud_medium":2,"minecraft:stone":79,"minecraft:white_wool":1,"eternal_tales:ruby_cluster":11,"minecraft:dandelion":1,"minecraft:crafting_table":3,"minecraft:chest":1,"eternal_tales:budding_ruby":1,"eternal_tales:ruby_block":6,"minecraft:lectern":1,"eternal_tales:brown_clay":3,"minecraft:copper_ore":1,"minecraft:tall_grass":3,"minecraft:deepslate_gold_ore":10,"minecraft:oak_planks":6,"minecraft:sugar_cane":1,"minecraft:diorite":12,"minecraft:seagrass":4,"eternal_tales:deepslate_cobalt_ore":11,"minecraft:wheat":27,"eternal_tales:blue_mushroom":1,"minecraft:grass":29,"minecraft:oak_log":19,"eternal_tales:ruby_bud_large":2,"minecraft:beetroots":2,"minecraft:gravel":6,"minecraft:dirt":24,"minecraft:gold_ore":5,"minecraft:oak_leaves":2,"minecraft:deepslate":233},"minecraft:custom":{"minecraft:mob_kills":209,"minecraft:interact_with_crafting_table":41,"minecraft:open_barrel":1,"minecraft:leave_game":5,"minecraft:time_since_death":102926,"minecraft:sprint_one_cm":256485,"minecraft:walk_one_cm":310589,"minecraft:damage_blocked_by_shield":1845,"minecraft:drop":70,"minecraft:talked_to_villager":33,"minecraft:play_time":147315,"minecraft:sneak_time":5796,"minecraft:deaths":1,"minecraft:walk_under_water_one_cm":93519,"minecraft:jump":2648,"minecraft:walk_on_water_one_cm":61336,"minecraft:total_world_time":147315,"minecraft:interact_with_furnace":57,"minecraft:sleep_in_bed":9,"minecraft:time_since_rest":2215,"minecraft:damage_taken":1790,"minecraft:damage_dealt":20665,"minecraft:swim_one_cm":172358,"minecraft:fly_one_cm":562782,"minecraft:open_chest":33,"minecraft:crouch_one_cm":16621,"tombstone:undead_killed":8,"minecraft:fall_one_cm":63974},"minecraft:used":{"minecraft:stone_sword":113,"minecraft:stone_shovel":11,"minecraft:chest":2,"minecraft:shield":32,"minecraft:iron_sword":275,"minecraft:dirt":23,"minecraft:carrot":65,"minecraft:tuff":5,"minecraft:granite":20,"minecraft:iron_axe":5,"minecraft:oak_sapling":5,"minecraft:furnace":1,"minecraft:egg":3,"minecraft:cooked_beef":12,"minecraft:potato":2,"minecraft:cobbled_deepslate":106,"minecraft:cooked_mutton":1,"minecraft:water_bucket":4,"minecraft:diorite":1,"eternal_tales:latit":2,"minecraft:oak_planks":6,"minecraft:white_wool":2,"minecraft:crafting_table":3,"minecraft:white_bed":1,"eternal_tales:salt_beef":1,"eternal_tales:salt_fish":4,"minecraft:diamond_pickaxe":27,"minecraft:apple":2,"minecraft:bread":5,"minecraft:iron_pickaxe":500,"minecraft:lectern":5,"eternal_tales:starter_kit":1,"eternal_tales:karst_stone":2,"eternal_tales:rubypickaxe":12,"minecraft:stone_axe":86,"minecraft:cobblestone":19,"minecraft:andesite":11,"minecraft:bucket":5,"eternal_tales:blue_mushroom":1,"minecraft:bone_meal":6},"minecraft:dropped":{"eternal_tales:brown_clay_ball":4,"minecraft:oak_slab":2,"minecraft:wheat_seeds":71,"minecraft:glow_ink_sac":3,"minecraft:cobblestone":8,"minecraft:leather":1,"minecraft:granite":21,"minecraft:leather_helmet":2,"minecraft:stick":2,"minecraft:dirt":4,"eternal_tales:tea_seeds":4,"eternal_tales:raw_chlorine":3,"tombstone:magic_scroll":1,"minecraft:mutton":4,"eternal_tales:ruby_block":6,"minecraft:cooked_salmon":106,"minecraft:sunflower":2,"minecraft:white_wool":1,"minecraft:dandelion":1,"minecraft:gravel":6,"eternal_tales:ruby_spear":1,"minecraft:stone_sword":1,"eternal_tales:latit":6,"minecraft:cobbled_deepslate":2,"minecraft:raw_copper":2,"minecraft:tuff":23,"minecraft:raw_iron":9,"minecraft:stone_shovel":1,"minecraft:beetroot":2,"minecraft:rotten_flesh":9,"eternal_tales:pyroxenite":10,"eternal_tales:raccoon_fur":3,"minecraft:salmon":37,"minecraft:poppy":10,"minecraft:leather_chestplate":2,"minecraft:shield":2,"minecraft:beetroot_seeds":5,"minecraft:leather_boots":2,"minecraft:leather_leggings":2,"minecraft:spider_eye":3,"minecraft:arrow":2,"minecraft:wooden_pickaxe":1,"eternal_tales:karst_stone":4},"minecraft:killed":{"eternal_tales:sunflower_spider":2,"minecraft:skeleton":2,"minecraft:chicken":6,"minecraft:drowned":2,"minecraft:pig":4,"minecraft:salmon":152,"minecraft:iron_golem":10,"eternal_tales:flower_zombie":1,"minecraft:sheep":9,"minecraft:zombie":3,"eternal_tales:beast":1,"minecraft:cow":17},"minecraft:killed_by":{"minecraft:iron_golem":1},"minecraft:picked_up":{"eternal_tales:karst_stone":6,"minecraft:crafting_table":3,"minecraft:wheat":27,"minecraft:chicken":6,"minecraft:leather_leggings":1,"minecraft:lead":2,"minecraft:shield":2,"eternal_tales:raccoon_fur":3,"minecraft:string":8,"minecraft:raw_copper":2,"eternal_tales:stress_pills":1,"minecraft:beetroot":2,"minecraft:cobbled_deepslate":233,"eternal_tales:raw_cobalt":12,"minecraft:beef":28,"minecraft:oak_boat":1,"minecraft:poppy":11,"minecraft:light_gray_wool":1,"minecraft:lectern":1,"minecraft:sugar_cane":2,"minecraft:chest":1,"eternal_tales:starter_kit":1,"minecraft:furnace":1,"minecraft:egg":3,"minecraft:stick":2,"minecraft:raw_iron":9,"minecraft:composter":1,"minecraft:copper_ingot":1,"eternal_tales:latit":8,"minecraft:porkchop":6,"eternal_tales:brown_clay_ball":4,"minecraft:diorite":1,"minecraft:carrot":79,"eternal_tales:salt_fish":30,"minecraft:arrow":4,"minecraft:rotten_flesh":11,"minecraft:beetroot_seeds":5,"eternal_tales:pyroxenite":15,"eternal_tales:beast_leather":2,"minecraft:mutton":15,"minecraft:cobblestone":27,"minecraft:white_wool":9,"eternal_tales:heart_et":1,"minecraft:leather_chestplate":1,"minecraft:feather":5,"minecraft:glow_ink_sac":3,"minecraft:andesite":11,"minecraft:salmon":144,"minecraft:leather":21,"minecraft:potato":17,"minecraft:tuff":28,"minecraft:oak_log":19,"eternal_tales:tea_seeds":4,"minecraft:lapis_lazuli":109,"minecraft:dirt":28,"eternal_tales:blue_mushroom":1,"minecraft:leather_boots":1,"minecraft:bone":5,"eternal_tales:ruby_spear":3,"minecraft:wheat_seeds":71,"minecraft:raw_gold":23,"minecraft:iron_ingot":45,"minecraft:oak_planks":6,"minecraft:book":24,"eternal_tales:bone_spear":2,"minecraft:dandelion":1,"minecraft:gravel":6,"eternal_tales:ruby_shard":44,"minecraft:white_bed":1,"minecraft:spider_eye":3,"minecraft:leather_helmet":1,"eternal_tales:ruby_block":6,"eternal_tales:bronze_coin":19,"eternal_tales:salt_beef":1,"eternal_tales:fear_textbook":1,"minecraft:diamond":20,"eternal_tales:terra_shard":7,"minecraft:granite":41,"minecraft:bone_meal":6,"tombstone:magic_scroll":2,"minecraft:oak_sapling":5,"eternal_tales:raw_chlorine":20,"minecraft:sunflower":2}},"DataVersion":3465}