{"stats":{"minecraft:broken":{"minecraft:stone_axe":1,"minecraft:iron_sword":1,"minecraft:iron_pickaxe":2},"minecraft:crafted":{"minecraft:golden_carrot":11,"eternal_tales:ruby_spear":3,"minecraft:oak_planks":140,"minecraft:coal":9,"minecraft:fishing_rod":1,"minecraft:cooked_chicken":6,"minecraft:furnace":1,"minecraft:stone":52,"minecraft:bookshelf":4,"minecraft:cooked_mutton":11,"eternal_tales:rubygem":21,"minecraft:diamond_leggings":1,"eternal_tales:cobaltpickaxe":1,"minecraft:bow":1,"minecraft:iron_boots":1,"minecraft:iron_axe":2,"minecraft:chest":1,"minecraft:diamond_boots":1,"eternal_tales:bone_spear":3,"minecraft:spruce_boat":1,"minecraft:stone_hoe":1,"eternal_tales:cobaltarmor_helmet":1,"eternal_tales:salt_porkchop":6,"minecraft:cooked_beef":21,"minecraft:coal_block":14,"minecraft:oak_slab":18,"minecraft:diamond_sword":1,"minecraft:cooked_porkchop":6,"minecraft:crafting_table":1,"minecraft:spruce_planks":36,"minecraft:baked_potato":22,"minecraft:iron_helmet":1,"eternal_tales:salt_chicken":6,"minecraft:iron_sword":3,"minecraft:cooked_salmon":106,"eternal_tales:cobaltingot":18,"minecraft:bucket":1,"eternal_tales:salt_beef":2,"minecraft:bread":9,"minecraft:air":0,"minecraft:lectern":4,"eternal_tales:rubypickaxe":1,"minecraft:iron_chestplate":1,"minecraft:diamond_pickaxe":1,"minecraft:gold_nugget":90,"minecraft:shield":2,"minecraft:stick":36,"minecraft:iron_pickaxe":5,"minecraft:gold_ingot":26,"minecraft:iron_leggings":1,"minecraft:white_bed":2,"minecraft:torch":36,"minecraft:lapis_block":12,"minecraft:diamond_chestplate":1},"minecraft:mined":{"minecraft:tuff":29,"minecraft:white_bed":3,"minecraft:oak_sapling":1,"minecraft:deepslate_diamond_ore":40,"minecraft:granite":41,"eternal_tales:karst_stone":6,"minecraft:grass_block":11,"minecraft:spruce_leaves":1,"eternal_tales:pyroxenite":8,"minecraft:composter":2,"minecraft:spawner":3,"minecraft:tall_seagrass":7,"eternal_tales:ruby_bud_small":2,"minecraft:spruce_sapling":1,"minecraft:furnace":1,"minecraft:carrots":69,"minecraft:iron_ore":1,"minecraft:fire":1,"minecraft:cobbled_deepslate":57,"minecraft:andesite":11,"minecraft:deepslate_lapis_ore":16,"minecraft:bookshelf":8,"minecraft:potatoes":6,"minecraft:deepslate_iron_ore":8,"eternal_tales:chlorine_ore":10,"eternal_tales:latit":6,"eternal_tales:ruby_bud_medium":3,"minecraft:stone":107,"minecraft:white_wool":1,"eternal_tales:ruby_cluster":22,"minecraft:dandelion":1,"minecraft:torch":2,"minecraft:crafting_table":4,"minecraft:chest":1,"eternal_tales:budding_ruby":1,"eternal_tales:ruby_block":7,"minecraft:lectern":1,"eternal_tales:brown_clay":3,"minecraft:copper_ore":1,"minecraft:tall_grass":6,"minecraft:cobblestone":5,"minecraft:deepslate_gold_ore":20,"minecraft:oak_planks":6,"minecraft:sugar_cane":1,"minecraft:wall_torch":3,"minecraft:diorite":12,"minecraft:seagrass":4,"eternal_tales:deepslate_cobalt_ore":17,"minecraft:wheat":27,"eternal_tales:blue_mushroom":1,"minecraft:spruce_log":9,"eternal_tales:vase_et_white":3,"minecraft:grass":38,"eternal_tales:ruby_bud_large":4,"minecraft:coal_ore":91,"minecraft:oak_log":83,"minecraft:beetroots":2,"minecraft:gravel":6,"minecraft:dirt":29,"minecraft:gold_ore":5,"minecraft:oak_leaves":2,"minecraft:deepslate":273},"minecraft:custom":{"minecraft:mob_kills":247,"minecraft:interact_with_crafting_table":96,"minecraft:open_barrel":2,"minecraft:leave_game":6,"minecraft:climb_one_cm":4565,"minecraft:time_since_death":9761,"minecraft:sprint_one_cm":610372,"minecraft:walk_one_cm":564562,"minecraft:damage_blocked_by_shield":3510,"minecraft:drop":101,"minecraft:talked_to_villager":35,"minecraft:play_time":258259,"minecraft:sneak_time":10951,"minecraft:deaths":3,"minecraft:walk_under_water_one_cm":93671,"minecraft:jump":4216,"minecraft:interact_with_blast_furnace":2,"minecraft:walk_on_water_one_cm":66273,"minecraft:total_world_time":258259,"minecraft:interact_with_furnace":87,"tombstone:raider_killed":1,"minecraft:sleep_in_bed":13,"minecraft:time_since_rest":8751,"minecraft:damage_taken":4475,"minecraft:damage_dealt":33417,"minecraft:swim_one_cm":172956,"minecraft:fly_one_cm":875967,"minecraft:crouch_one_cm":35135,"minecraft:open_chest":150,"tombstone:undead_killed":36,"minecraft:fish_caught":3,"minecraft:fall_one_cm":95240},"minecraft:used":{"minecraft:stone_sword":113,"minecraft:spruce_slab":4,"minecraft:stone_shovel":11,"minecraft:chest":2,"minecraft:shield":58,"minecraft:iron_sword":385,"minecraft:stone_hoe":6,"minecraft:torch":14,"minecraft:dirt":28,"minecraft:carrot":148,"minecraft:tuff":6,"minecraft:granite":20,"minecraft:iron_axe":99,"minecraft:golden_carrot":2,"minecraft:oak_sapling":10,"minecraft:furnace":2,"tombstone:gift":5,"minecraft:egg":3,"minecraft:cooked_beef":19,"minecraft:potato":2,"minecraft:cobbled_deepslate":215,"minecraft:cooked_mutton":11,"eternal_tales:flowering_slab":4,"minecraft:water_bucket":7,"minecraft:diorite":1,"eternal_tales:cobaltpickaxe":4,"eternal_tales:salt_porkchop":3,"minecraft:oak_planks":6,"eternal_tales:latit":2,"minecraft:white_wool":2,"minecraft:crafting_table":5,"minecraft:white_bed":1,"eternal_tales:salt_beef":2,"eternal_tales:salt_fish":4,"minecraft:diamond_pickaxe":109,"minecraft:apple":2,"minecraft:bread":6,"minecraft:iron_pickaxe":683,"minecraft:lectern":5,"eternal_tales:starter_kit":1,"eternal_tales:karst_stone":2,"minecraft:diamond_sword":85,"eternal_tales:rubypickaxe":26,"minecraft:spruce_sapling":10,"minecraft:stone_axe":86,"minecraft:fishing_rod":6,"minecraft:cobblestone":52,"minecraft:cobbled_deepslate_slab":54,"minecraft:andesite":11,"minecraft:bucket":8,"eternal_tales:blue_mushroom":1,"minecraft:bone_meal":6,"eternal_tales:ruby_block":1},"minecraft:dropped":{"minecraft:oak_slab":2,"minecraft:wheat_seeds":73,"minecraft:glow_ink_sac":3,"minecraft:baked_potato":22,"minecraft:glass_bottle":2,"minecraft:cobblestone":8,"minecraft:leather":1,"minecraft:granite":21,"minecraft:copper_ingot":1,"minecraft:leather_helmet":2,"minecraft:cod":2,"minecraft:stick":4,"minecraft:dirt":4,"eternal_tales:tea_seeds":11,"eternal_tales:raw_chlorine":3,"tombstone:magic_scroll":1,"minecraft:mutton":4,"eternal_tales:ruby_block":6,"minecraft:cooked_salmon":106,"tombstone:grave_dust":4,"minecraft:sunflower":5,"minecraft:white_wool":1,"minecraft:dandelion":1,"minecraft:gravel":6,"eternal_tales:ruby_spear":1,"minecraft:stone_sword":1,"eternal_tales:latit":6,"minecraft:cobbled_deepslate":2,"minecraft:raw_copper":2,"minecraft:bowl":1,"minecraft:tuff":23,"minecraft:stone_shovel":1,"minecraft:raw_iron":9,"minecraft:beetroot":2,"minecraft:rotten_flesh":19,"eternal_tales:pyroxenite":10,"minecraft:glowstone_dust":2,"eternal_tales:raccoon_fur":3,"minecraft:salmon":39,"minecraft:poppy":14,"minecraft:leather_chestplate":2,"minecraft:shield":5,"minecraft:ladder":1,"minecraft:beetroot_seeds":5,"minecraft:leather_boots":2,"minecraft:leather_leggings":2,"minecraft:spider_eye":6,"tombstone:essence_of_undeath":1,"minecraft:arrow":2,"minecraft:wooden_pickaxe":1,"eternal_tales:karst_stone":4,"eternal_tales:brown_clay_ball":4},"minecraft:killed":{"eternal_tales:sunflower_spider":4,"minecraft:witch":1,"minecraft:spider":1,"minecraft:skeleton":10,"minecraft:chicken":6,"minecraft:drowned":2,"minecraft:pig":4,"minecraft:salmon":152,"minecraft:iron_golem":13,"minecraft:creeper":3,"eternal_tales:flower_zombie":3,"minecraft:sheep":9,"minecraft:zombie":21,"eternal_tales:beast":1,"minecraft:cow":17},"minecraft:killed_by":{"minecraft:iron_golem":2,"eternal_tales:vivid":1},"minecraft:picked_up":{"eternal_tales:karst_stone":6,"minecraft:crafting_table":4,"minecraft:wheat":27,"minecraft:ladder":1,"minecraft:chicken":6,"minecraft:leather_leggings":1,"minecraft:lead":2,"minecraft:enchanted_book":1,"minecraft:stone_brick_stairs":1,"minecraft:shield":4,"eternal_tales:raccoon_fur":3,"minecraft:string":17,"minecraft:raw_copper":2,"eternal_tales:stress_pills":2,"minecraft:beetroot":2,"minecraft:cobbled_deepslate":330,"eternal_tales:comets_brick":1,"eternal_tales:raw_cobalt":18,"minecraft:beef":28,"minecraft:oak_boat":1,"minecraft:poppy":18,"minecraft:light_gray_wool":1,"minecraft:lectern":1,"minecraft:sugar_cane":2,"minecraft:chest":1,"eternal_tales:starter_kit":1,"minecraft:furnace":1,"minecraft:egg":3,"minecraft:raw_iron":9,"minecraft:stick":22,"minecraft:bowl":1,"minecraft:composter":1,"minecraft:copper_ingot":2,"minecraft:torch":6,"eternal_tales:latit":8,"minecraft:porkchop":6,"eternal_tales:brown_clay_ball":4,"tombstone:grave_dust":12,"minecraft:diorite":1,"minecraft:carrot":286,"eternal_tales:blood_drop":1,"eternal_tales:experience_booster":1,"eternal_tales:poisonoil":1,"eternal_tales:salt_fish":77,"minecraft:arrow":20,"minecraft:rotten_flesh":40,"minecraft:beetroot_seeds":5,"eternal_tales:pyroxenite":18,"eternal_tales:chlorine":1,"eternal_tales:beast_leather":2,"minecraft:mutton":15,"minecraft:cod":2,"eternal_tales:heart_et":1,"minecraft:white_wool":9,"minecraft:cobblestone":60,"minecraft:leather_chestplate":1,"minecraft:feather":5,"minecraft:glow_ink_sac":3,"minecraft:andesite":11,"minecraft:salmon":145,"minecraft:leather":21,"eternal_tales:fireoil":1,"minecraft:potato":24,"minecraft:tuff":29,"minecraft:oak_log":83,"minecraft:gunpowder":4,"eternal_tales:tea_seeds":11,"minecraft:lapis_lazuli":109,"minecraft:dirt":35,"eternal_tales:blue_mushroom":1,"minecraft:leather_boots":1,"minecraft:bone":17,"minecraft:bow":1,"eternal_tales:ruby_spear":3,"minecraft:wheat_seeds":73,"minecraft:raw_gold":34,"minecraft:iron_ingot":63,"eternal_tales:witheroil":1,"minecraft:bamboo":2,"eternal_tales:salt":15,"minecraft:oak_planks":7,"minecraft:book":24,"eternal_tales:bone_spear":2,"minecraft:bundle":1,"minecraft:dandelion":1,"eternal_tales:silver_coin":1,"minecraft:gravel":6,"eternal_tales:livetreebanner":1,"minecraft:spruce_sapling":15,"eternal_tales:ruby_shard":88,"minecraft:white_bed":3,"minecraft:spruce_log":10,"minecraft:spider_eye":8,"minecraft:leather_helmet":1,"eternal_tales:bronze_coin":29,"eternal_tales:ruby_block":7,"eternal_tales:salt_beef":1,"minecraft:sugar":3,"eternal_tales:fear_textbook":1,"minecraft:diamond":40,"eternal_tales:terra_shard":15,"minecraft:granite":41,"minecraft:bone_meal":6,"tombstone:magic_scroll":2,"minecraft:oak_sapling":21,"eternal_tales:raw_chlorine":20,"minecraft:coal":96,"minecraft:sunflower":5}},"DataVersion":3465}