{"stats":{"minecraft:broken":{"minecraft:stone_axe":1,"minecraft:iron_sword":1,"minecraft:iron_pickaxe":2},"minecraft:crafted":{"eternal_tales:ruby_spear":3,"minecraft:oak_planks":140,"minecraft:coal":9,"minecraft:fishing_rod":1,"minecraft:cooked_chicken":6,"minecraft:furnace":1,"minecraft:stone":52,"minecraft:bookshelf":4,"minecraft:cooked_mutton":11,"eternal_tales:rubygem":3,"minecraft:bow":1,"eternal_tales:cobaltpickaxe":1,"minecraft:diamond_leggings":1,"minecraft:iron_boots":1,"minecraft:iron_axe":2,"minecraft:chest":1,"eternal_tales:bone_spear":3,"minecraft:stone_hoe":1,"minecraft:cooked_beef":21,"minecraft:coal_block":14,"minecraft:oak_slab":18,"minecraft:cooked_porkchop":6,"minecraft:crafting_table":1,"minecraft:spruce_planks":36,"minecraft:iron_helmet":1,"minecraft:iron_sword":3,"minecraft:cooked_salmon":106,"eternal_tales:cobaltingot":12,"minecraft:bucket":1,"minecraft:bread":9,"minecraft:air":0,"minecraft:lectern":4,"eternal_tales:rubypickaxe":1,"minecraft:iron_chestplate":1,"minecraft:diamond_pickaxe":1,"minecraft:shield":1,"minecraft:stick":36,"minecraft:iron_pickaxe":5,"minecraft:iron_leggings":1,"minecraft:gold_ingot":7,"minecraft:torch":36,"minecraft:diamond_chestplate":1},"minecraft:mined":{"minecraft:tuff":28,"minecraft:white_bed":1,"minecraft:oak_sapling":1,"minecraft:deepslate_diamond_ore":21,"minecraft:granite":41,"eternal_tales:karst_stone":6,"minecraft:grass_block":11,"minecraft:spruce_leaves":1,"eternal_tales:pyroxenite":5,"minecraft:composter":2,"minecraft:tall_seagrass":7,"minecraft:spruce_sapling":1,"eternal_tales:ruby_bud_small":2,"minecraft:furnace":1,"minecraft:carrots":69,"minecraft:fire":1,"minecraft:iron_ore":1,"minecraft:cobbled_deepslate":9,"minecraft:andesite":11,"minecraft:deepslate_lapis_ore":16,"minecraft:bookshelf":8,"minecraft:potatoes":6,"minecraft:deepslate_iron_ore":8,"eternal_tales:latit":6,"eternal_tales:chlorine_ore":10,"eternal_tales:ruby_bud_medium":2,"minecraft:stone":107,"minecraft:white_wool":1,"eternal_tales:ruby_cluster":11,"minecraft:dandelion":1,"minecraft:crafting_table":4,"minecraft:chest":1,"eternal_tales:budding_ruby":1,"eternal_tales:ruby_block":6,"minecraft:lectern":1,"eternal_tales:brown_clay":3,"minecraft:copper_ore":1,"minecraft:tall_grass":6,"minecraft:cobblestone":1,"minecraft:deepslate_gold_ore":10,"minecraft:oak_planks":6,"minecraft:sugar_cane":1,"minecraft:wall_torch":3,"minecraft:diorite":12,"minecraft:seagrass":4,"eternal_tales:deepslate_cobalt_ore":11,"minecraft:wheat":27,"eternal_tales:blue_mushroom":1,"minecraft:spruce_log":9,"minecraft:coal_ore":91,"minecraft:grass":37,"minecraft:oak_log":83,"eternal_tales:ruby_bud_large":2,"minecraft:beetroots":2,"minecraft:gravel":6,"minecraft:dirt":29,"minecraft:gold_ore":5,"minecraft:oak_leaves":2,"minecraft:deepslate":236},"minecraft:custom":{"minecraft:mob_kills":231,"minecraft:interact_with_crafting_table":54,"minecraft:open_barrel":1,"minecraft:leave_game":5,"minecraft:time_since_death":21763,"minecraft:sprint_one_cm":443586,"minecraft:walk_one_cm":427354,"minecraft:damage_blocked_by_shield":2550,"minecraft:drop":76,"minecraft:talked_to_villager":33,"minecraft:play_time":195315,"minecraft:sneak_time":7105,"minecraft:deaths":2,"minecraft:walk_under_water_one_cm":93671,"minecraft:jump":3505,"minecraft:walk_on_water_one_cm":61706,"minecraft:total_world_time":195315,"minecraft:interact_with_furnace":61,"minecraft:sleep_in_bed":9,"minecraft:time_since_rest":21407,"minecraft:damage_taken":3353,"minecraft:damage_dealt":27013,"minecraft:swim_one_cm":172956,"minecraft:fly_one_cm":769098,"minecraft:open_chest":69,"minecraft:crouch_one_cm":20841,"tombstone:undead_killed":23,"minecraft:fish_caught":2,"minecraft:fall_one_cm":81451},"minecraft:used":{"minecraft:stone_sword":113,"minecraft:stone_shovel":11,"minecraft:chest":2,"minecraft:shield":48,"minecraft:iron_sword":370,"minecraft:stone_hoe":6,"minecraft:torch":3,"minecraft:dirt":28,"minecraft:carrot":128,"minecraft:tuff":5,"minecraft:granite":20,"minecraft:iron_axe":94,"minecraft:oak_sapling":7,"minecraft:furnace":2,"tombstone:gift":3,"minecraft:egg":3,"minecraft:cooked_beef":18,"minecraft:potato":2,"minecraft:cobbled_deepslate":132,"minecraft:cooked_mutton":11,"minecraft:water_bucket":5,"minecraft:diorite":1,"eternal_tales:latit":2,"minecraft:oak_planks":6,"minecraft:white_wool":2,"minecraft:crafting_table":5,"minecraft:white_bed":1,"eternal_tales:salt_beef":1,"eternal_tales:salt_fish":4,"minecraft:diamond_pickaxe":27,"minecraft:apple":2,"minecraft:bread":5,"minecraft:iron_pickaxe":635,"minecraft:lectern":5,"eternal_tales:starter_kit":1,"eternal_tales:karst_stone":2,"eternal_tales:rubypickaxe":12,"minecraft:spruce_sapling":10,"minecraft:stone_axe":86,"minecraft:fishing_rod":5,"minecraft:cobblestone":23,"minecraft:andesite":11,"minecraft:bucket":6,"eternal_tales:blue_mushroom":1,"minecraft:bone_meal":6},"minecraft:dropped":{"eternal_tales:brown_clay_ball":4,"minecraft:oak_slab":2,"minecraft:wheat_seeds":71,"minecraft:glow_ink_sac":3,"minecraft:cobblestone":8,"minecraft:leather":1,"minecraft:granite":21,"minecraft:leather_helmet":2,"minecraft:stick":2,"minecraft:dirt":4,"eternal_tales:tea_seeds":6,"eternal_tales:raw_chlorine":3,"tombstone:magic_scroll":1,"minecraft:mutton":4,"eternal_tales:ruby_block":6,"minecraft:cooked_salmon":106,"tombstone:grave_dust":4,"minecraft:sunflower":4,"minecraft:white_wool":1,"minecraft:dandelion":1,"minecraft:gravel":6,"eternal_tales:ruby_spear":1,"minecraft:stone_sword":1,"eternal_tales:latit":6,"minecraft:cobbled_deepslate":2,"minecraft:raw_copper":2,"minecraft:tuff":23,"minecraft:raw_iron":9,"minecraft:stone_shovel":1,"minecraft:beetroot":2,"minecraft:rotten_flesh":9,"eternal_tales:pyroxenite":10,"eternal_tales:raccoon_fur":3,"minecraft:salmon":37,"minecraft:poppy":10,"minecraft:leather_chestplate":2,"minecraft:shield":2,"minecraft:beetroot_seeds":5,"minecraft:leather_boots":2,"minecraft:leather_leggings":2,"minecraft:spider_eye":4,"minecraft:arrow":2,"minecraft:wooden_pickaxe":1,"eternal_tales:karst_stone":4},"minecraft:killed":{"eternal_tales:sunflower_spider":3,"minecraft:spider":1,"minecraft:skeleton":6,"minecraft:chicken":6,"minecraft:drowned":2,"minecraft:pig":4,"minecraft:salmon":152,"minecraft:iron_golem":12,"minecraft:creeper":3,"eternal_tales:flower_zombie":1,"minecraft:sheep":9,"minecraft:zombie":14,"eternal_tales:beast":1,"minecraft:cow":17},"minecraft:killed_by":{"minecraft:iron_golem":2},"minecraft:picked_up":{"eternal_tales:karst_stone":6,"minecraft:crafting_table":4,"minecraft:wheat":27,"minecraft:chicken":6,"minecraft:leather_leggings":1,"minecraft:lead":2,"minecraft:stone_brick_stairs":1,"minecraft:shield":2,"eternal_tales:raccoon_fur":3,"minecraft:string":13,"minecraft:raw_copper":2,"eternal_tales:stress_pills":1,"minecraft:beetroot":2,"minecraft:cobbled_deepslate":243,"eternal_tales:raw_cobalt":12,"minecraft:beef":28,"minecraft:oak_boat":1,"minecraft:poppy":14,"minecraft:light_gray_wool":1,"minecraft:lectern":1,"minecraft:sugar_cane":2,"minecraft:chest":1,"eternal_tales:starter_kit":1,"minecraft:furnace":1,"minecraft:egg":3,"minecraft:stick":9,"minecraft:raw_iron":9,"minecraft:composter":1,"minecraft:copper_ingot":1,"minecraft:torch":3,"eternal_tales:latit":8,"minecraft:porkchop":6,"eternal_tales:brown_clay_ball":4,"tombstone:grave_dust":8,"minecraft:diorite":1,"minecraft:carrot":262,"eternal_tales:salt_fish":77,"minecraft:arrow":9,"minecraft:rotten_flesh":26,"minecraft:beetroot_seeds":5,"eternal_tales:pyroxenite":15,"eternal_tales:beast_leather":2,"minecraft:mutton":15,"minecraft:cod":2,"minecraft:cobblestone":56,"minecraft:white_wool":9,"eternal_tales:heart_et":1,"minecraft:leather_chestplate":1,"minecraft:feather":5,"minecraft:glow_ink_sac":3,"minecraft:andesite":11,"minecraft:salmon":144,"minecraft:leather":21,"minecraft:potato":24,"minecraft:tuff":28,"minecraft:oak_log":83,"minecraft:gunpowder":4,"eternal_tales:tea_seeds":6,"minecraft:lapis_lazuli":109,"minecraft:dirt":35,"eternal_tales:blue_mushroom":1,"minecraft:leather_boots":1,"minecraft:bone":8,"eternal_tales:ruby_spear":3,"minecraft:wheat_seeds":71,"minecraft:raw_gold":23,"minecraft:iron_ingot":58,"minecraft:oak_planks":6,"minecraft:book":24,"eternal_tales:bone_spear":2,"minecraft:dandelion":1,"minecraft:gravel":6,"minecraft:spruce_sapling":10,"minecraft:spruce_log":9,"eternal_tales:ruby_shard":44,"minecraft:white_bed":1,"minecraft:spider_eye":5,"minecraft:leather_helmet":1,"eternal_tales:ruby_block":6,"eternal_tales:bronze_coin":25,"eternal_tales:salt_beef":1,"eternal_tales:fear_textbook":1,"minecraft:diamond":21,"eternal_tales:terra_shard":11,"minecraft:granite":41,"minecraft:bone_meal":6,"tombstone:magic_scroll":2,"minecraft:oak_sapling":18,"minecraft:coal":96,"eternal_tales:raw_chlorine":20,"minecraft:sunflower":4}},"DataVersion":3465}