{"stats":{"minecraft:crafted":{"minecraft:oak_planks":16,"minecraft:furnace":1,"eternal_tales:rubygem":6,"eternal_tales:rubyarmor_boots":1,"eternal_tales:petrified_planks":12,"minecraft:stone_pickaxe":1,"eternal_tales:glow_dye":1,"minecraft:crafting_table":1,"minecraft:iron_helmet":1,"minecraft:iron_sword":1,"minecraft:air":0,"minecraft:iron_chestplate":1,"minecraft:diamond_pickaxe":1,"minecraft:stick":40,"minecraft:iron_ingot":26,"minecraft:iron_leggings":1,"minecraft:torch":8},"minecraft:mined":{"eternal_tales:salt_block":5,"minecraft:tuff":1,"minecraft:deepslate_diamond_ore":3,"minecraft:budding_amethyst":1,"eternal_tales:karst_stone":18,"minecraft:grass_block":3,"eternal_tales:pyroxenite":2,"eternal_tales:flowering_leaves":1,"minecraft:furnace":2,"eternal_tales:ruby_bud_small":1,"minecraft:iron_ore":22,"minecraft:andesite":2,"minecraft:deepslate_iron_ore":32,"eternal_tales:latit":23,"eternal_tales:limestone":109,"eternal_tales:ruby_bud_medium":1,"minecraft:stone":184,"minecraft:white_wool":1,"minecraft:deepslate_redstone_ore":2,"eternal_tales:petrified_log":7,"eternal_tales:ruby_cluster":7,"minecraft:crafting_table":4,"minecraft:torch":2,"minecraft:calcite":3,"minecraft:chest":1,"eternal_tales:budding_ruby":1,"eternal_tales:ruby_block":31,"eternal_tales:deepslate_quinine_ore":35,"minecraft:cobblestone":27,"minecraft:deepslate_gold_ore":19,"minecraft:oak_planks":8,"minecraft:diorite":7,"minecraft:wall_torch":2,"minecraft:amethyst_block":6,"eternal_tales:deepslate_cobalt_ore":21,"eternal_tales:skill_stone_catching":1,"minecraft:lilac":1,"minecraft:grass":2,"minecraft:oak_log":12,"minecraft:coal_ore":2,"minecraft:dirt":1,"minecraft:smooth_basalt":2,"minecraft:deepslate":79},"minecraft:custom":{"minecraft:mob_kills":12,"minecraft:interact_with_crafting_table":8,"minecraft:leave_game":2,"minecraft:time_since_death":14568,"minecraft:sprint_one_cm":183772,"minecraft:walk_one_cm":129740,"minecraft:drop":29,"minecraft:play_time":81286,"minecraft:deaths":7,"minecraft:sneak_time":14121,"minecraft:walk_under_water_one_cm":8212,"minecraft:jump":1630,"minecraft:walk_on_water_one_cm":29791,"minecraft:total_world_time":81286,"minecraft:interact_with_furnace":29,"minecraft:time_since_rest":13529,"minecraft:damage_taken":2318,"minecraft:damage_dealt":2120,"minecraft:swim_one_cm":25559,"minecraft:fly_one_cm":325068,"minecraft:open_chest":4,"minecraft:crouch_one_cm":34582,"tombstone:undead_killed":6,"minecraft:fall_one_cm":42584},"minecraft:used":{"minecraft:stone_sword":5,"minecraft:iron_sword":23,"minecraft:rotten_flesh":11,"minecraft:torch":9,"minecraft:dirt":3,"minecraft:mutton":1,"minecraft:tuff":1,"minecraft:furnace":3,"tombstone:gift":2,"minecraft:egg":1,"minecraft:cobbled_deepslate":17,"eternal_tales:glow_dye":2,"minecraft:stone_pickaxe":96,"minecraft:oak_planks":6,"minecraft:wooden_pickaxe":5,"minecraft:white_wool":1,"minecraft:crafting_table":5,"minecraft:diamond_pickaxe":261,"minecraft:apple":2,"minecraft:chicken":1,"eternal_tales:diorite_dirt":1,"eternal_tales:starter_kit":1,"eternal_tales:karst_stone":6,"eternal_tales:rubypickaxe":285,"minecraft:stone_axe":45,"minecraft:cobblestone":131,"minecraft:porkchop":1},"minecraft:dropped":{"eternal_tales:glow_dye":1,"minecraft:wheat_seeds":1,"minecraft:cobblestone":35,"minecraft:feather":2,"minecraft:leather_helmet":1,"minecraft:dirt":1,"eternal_tales:brown_rose":1,"minecraft:gray_wool":1,"eternal_tales:raw_quinine":1,"minecraft:white_wool":2,"minecraft:stone_sword":1,"eternal_tales:latit":2,"minecraft:raw_iron":1,"minecraft:stone_shovel":1,"eternal_tales:pyroxenite":1,"minecraft:leather_chestplate":1,"eternal_tales:rubygem":2,"eternal_tales:salt":4,"minecraft:leather_boots":1,"minecraft:chest":1,"minecraft:leather_leggings":1,"minecraft:stone_pickaxe":1,"minecraft:wooden_pickaxe":1,"eternal_tales:karst_stone":9},"minecraft:killed":{"minecraft:skeleton":1,"minecraft:chicken":1,"minecraft:pig":1,"minecraft:sheep":1,"minecraft:zombie":5,"eternal_tales:raccoon":1,"minecraft:glow_squid":2},"minecraft:killed_by":{"minecraft:spider":1,"minecraft:skeleton":3},"minecraft:picked_up":{"eternal_tales:karst_stone":16,"minecraft:crafting_table":4,"minecraft:chicken":1,"minecraft:amethyst_block":6,"minecraft:cobbled_deepslate":70,"eternal_tales:raw_cobalt":17,"eternal_tales:limestone_rock":109,"minecraft:calcite":3,"minecraft:chest":1,"eternal_tales:starter_kit":1,"minecraft:furnace":2,"minecraft:egg":1,"minecraft:raw_iron":53,"eternal_tales:latit":23,"minecraft:torch":3,"eternal_tales:petrified_log":7,"eternal_tales:raw_quinine":35,"minecraft:porkchop":1,"tombstone:grave_dust":1,"minecraft:diorite":6,"eternal_tales:skill_stone_catching":1,"minecraft:redstone":10,"minecraft:rotten_flesh":11,"eternal_tales:pyroxenite":2,"minecraft:mutton":1,"minecraft:white_wool":3,"minecraft:cobblestone":191,"minecraft:feather":2,"minecraft:glow_ink_sac":8,"minecraft:andesite":2,"minecraft:tuff":1,"minecraft:oak_log":12,"minecraft:dirt":4,"minecraft:bone":2,"minecraft:bow":1,"minecraft:wheat_seeds":1,"minecraft:raw_gold":20,"eternal_tales:brown_rose":1,"eternal_tales:rubypickaxe":1,"eternal_tales:diorite_dirt":1,"eternal_tales:salt":20,"minecraft:oak_planks":11,"minecraft:smooth_basalt":2,"eternal_tales:ruby_shard":24,"eternal_tales:ruby_block":34,"eternal_tales:bronze_coin":6,"minecraft:diamond":6,"eternal_tales:terra_shard":3,"minecraft:gray_wool":1,"minecraft:coal":2}},"DataVersion":3465}