{"stats":{"minecraft:crafted":{"minecraft:oak_planks":16,"minecraft:iron_nugget":9,"minecraft:chain":4,"minecraft:furnace":2,"eternal_tales:rubygem":6,"eternal_tales:rubyarmor_boots":1,"eternal_tales:petrified_planks":28,"eternal_tales:portable_chest_big":1,"minecraft:stone_pickaxe":1,"minecraft:chest":2,"eternal_tales:glow_dye":1,"minecraft:crafting_table":2,"minecraft:spruce_planks":48,"minecraft:iron_helmet":1,"minecraft:iron_sword":1,"eternal_tales:brown_clay":1,"minecraft:air":0,"minecraft:iron_chestplate":1,"minecraft:diamond_pickaxe":1,"minecraft:shield":1,"minecraft:stick":112,"minecraft:iron_ingot":53,"minecraft:iron_block":1,"minecraft:gold_ingot":5,"minecraft:iron_leggings":1,"minecraft:torch":8,"eternal_tales:double_chain":2},"minecraft:mined":{"eternal_tales:salt_block":5,"minecraft:tuff":1,"minecraft:deepslate_diamond_ore":3,"minecraft:budding_amethyst":1,"eternal_tales:karst_stone":18,"minecraft:grass_block":5,"minecraft:spruce_leaves":1,"eternal_tales:pyroxenite":2,"eternal_tales:flowering_leaves":1,"minecraft:furnace":2,"eternal_tales:ruby_bud_small":1,"minecraft:iron_ore":24,"minecraft:andesite":20,"minecraft:deepslate_iron_ore":32,"eternal_tales:latit":23,"eternal_tales:chlorine_ore":2,"eternal_tales:limestone":130,"eternal_tales:ruby_bud_medium":1,"minecraft:stone":229,"minecraft:white_wool":1,"minecraft:deepslate_redstone_ore":2,"eternal_tales:petrified_log":7,"eternal_tales:ruby_cluster":7,"minecraft:crafting_table":5,"minecraft:torch":3,"minecraft:calcite":3,"minecraft:chest":1,"eternal_tales:budding_ruby":1,"eternal_tales:ruby_block":32,"eternal_tales:brown_clay":1,"eternal_tales:deepslate_quinine_ore":35,"minecraft:cobblestone":28,"minecraft:deepslate_gold_ore":19,"minecraft:oak_planks":8,"minecraft:diorite":7,"minecraft:wall_torch":3,"minecraft:amethyst_block":6,"eternal_tales:deepslate_cobalt_ore":21,"eternal_tales:skill_stone_catching":1,"minecraft:lilac":1,"minecraft:spruce_log":13,"minecraft:grass":8,"minecraft:oak_log":12,"minecraft:coal_ore":2,"minecraft:dirt":11,"minecraft:smooth_basalt":2,"minecraft:deepslate":79},"minecraft:custom":{"minecraft:mob_kills":12,"minecraft:interact_with_crafting_table":21,"minecraft:leave_game":2,"minecraft:time_since_death":32568,"minecraft:sprint_one_cm":214712,"minecraft:walk_one_cm":160141,"minecraft:drop":61,"minecraft:talked_to_villager":1,"minecraft:play_time":99286,"minecraft:deaths":7,"minecraft:sneak_time":16047,"minecraft:walk_under_water_one_cm":8525,"minecraft:jump":1794,"minecraft:walk_on_water_one_cm":30026,"minecraft:total_world_time":99286,"minecraft:interact_with_furnace":40,"minecraft:time_since_rest":31529,"minecraft:damage_taken":2328,"minecraft:damage_dealt":2201,"minecraft:swim_one_cm":25559,"minecraft:fly_one_cm":358217,"minecraft:open_chest":6,"minecraft:crouch_one_cm":37771,"tombstone:undead_killed":6,"minecraft:fall_one_cm":45751},"minecraft:used":{"minecraft:stone_sword":5,"minecraft:iron_sword":26,"minecraft:rotten_flesh":11,"minecraft:torch":11,"minecraft:dirt":3,"minecraft:mutton":1,"minecraft:tuff":1,"eternal_tales:brown_clay":1,"minecraft:furnace":4,"tombstone:gift":2,"minecraft:egg":1,"minecraft:cobbled_deepslate":17,"eternal_tales:glow_dye":2,"minecraft:stone_pickaxe":96,"minecraft:oak_planks":6,"minecraft:wooden_pickaxe":5,"minecraft:white_wool":1,"minecraft:crafting_table":7,"eternal_tales:salt_fish":2,"minecraft:diamond_pickaxe":265,"minecraft:apple":2,"minecraft:chicken":1,"eternal_tales:diorite_dirt":1,"eternal_tales:starter_kit":1,"eternal_tales:karst_stone":6,"eternal_tales:rubypickaxe":384,"minecraft:stone_axe":61,"minecraft:cobblestone":167,"minecraft:porkchop":1},"minecraft:dropped":{"eternal_tales:glow_dye":1,"minecraft:wheat_seeds":1,"minecraft:glow_ink_sac":7,"minecraft:cobblestone":35,"minecraft:feather":2,"minecraft:leather_helmet":1,"minecraft:stick":16,"minecraft:dirt":1,"eternal_tales:brown_rose":1,"minecraft:gray_wool":1,"eternal_tales:raw_chlorine":2,"minecraft:diorite":12,"tombstone:grave_dust":2,"eternal_tales:raw_quinine":1,"minecraft:white_wool":2,"minecraft:spruce_sapling":2,"minecraft:smooth_basalt":2,"minecraft:bone":2,"minecraft:stone_sword":1,"eternal_tales:latit":23,"eternal_tales:bronze_coin":1,"minecraft:raw_iron":1,"minecraft:stone_shovel":1,"eternal_tales:pyroxenite":2,"minecraft:leather_chestplate":1,"minecraft:spruce_planks":16,"eternal_tales:rubygem":2,"eternal_tales:salt":4,"minecraft:andesite":20,"minecraft:leather_boots":1,"minecraft:oak_sapling":1,"minecraft:chest":1,"eternal_tales:raw_cobalt":3,"minecraft:leather_leggings":1,"minecraft:bow":1,"minecraft:raw_gold":5,"minecraft:stone_pickaxe":1,"minecraft:wooden_pickaxe":1,"eternal_tales:karst_stone":11,"minecraft:calcite":3},"minecraft:killed":{"minecraft:skeleton":1,"minecraft:chicken":1,"minecraft:pig":1,"minecraft:sheep":1,"minecraft:zombie":5,"eternal_tales:raccoon":1,"minecraft:glow_squid":2},"minecraft:killed_by":{"minecraft:spider":1,"minecraft:skeleton":3},"minecraft:picked_up":{"eternal_tales:karst_stone":16,"minecraft:crafting_table":5,"minecraft:chicken":1,"minecraft:amethyst_block":6,"minecraft:cobbled_deepslate":70,"minecraft:spruce_planks":16,"eternal_tales:raw_cobalt":17,"eternal_tales:limestone_rock":128,"minecraft:calcite":3,"minecraft:chest":1,"eternal_tales:starter_kit":1,"minecraft:furnace":2,"minecraft:egg":1,"minecraft:stick":8,"minecraft:raw_iron":55,"eternal_tales:latit":23,"minecraft:torch":5,"eternal_tales:petrified_log":7,"eternal_tales:raw_quinine":35,"minecraft:porkchop":1,"eternal_tales:brown_clay_ball":4,"tombstone:grave_dust":1,"minecraft:diorite":12,"eternal_tales:skill_stone_catching":1,"minecraft:redstone":10,"eternal_tales:salt_fish":2,"minecraft:rotten_flesh":11,"eternal_tales:pyroxenite":2,"minecraft:mutton":1,"minecraft:white_wool":3,"minecraft:cobblestone":236,"minecraft:feather":2,"minecraft:glow_ink_sac":8,"minecraft:andesite":20,"minecraft:tuff":1,"minecraft:oak_log":12,"minecraft:dirt":16,"minecraft:bone":2,"minecraft:bow":1,"minecraft:wheat_seeds":1,"minecraft:raw_gold":20,"eternal_tales:brown_rose":1,"eternal_tales:rubypickaxe":1,"eternal_tales:diorite_dirt":1,"eternal_tales:salt":20,"minecraft:oak_planks":11,"minecraft:smooth_basalt":2,"minecraft:spruce_sapling":4,"eternal_tales:ruby_shard":24,"minecraft:spruce_log":12,"eternal_tales:ruby_block":34,"eternal_tales:bronze_coin":6,"minecraft:diamond":6,"eternal_tales:terra_shard":3,"minecraft:gray_wool":1,"minecraft:oak_sapling":1,"eternal_tales:raw_chlorine":2,"minecraft:coal":2}},"DataVersion":3465}