{"stats":{"minecraft:crafted":{"minecraft:oak_planks":16,"minecraft:crafting_table":1,"minecraft:furnace":1,"minecraft:air":0,"minecraft:diamond_pickaxe":1,"eternal_tales:petrified_planks":12,"minecraft:stick":8,"minecraft:iron_ingot":7,"minecraft:stone_pickaxe":1,"minecraft:torch":8},"minecraft:mined":{"eternal_tales:salt_block":5,"eternal_tales:petrified_log":3,"minecraft:crafting_table":4,"eternal_tales:karst_stone":14,"minecraft:grass_block":3,"minecraft:chest":1,"minecraft:cobblestone":17,"minecraft:oak_planks":8,"eternal_tales:flowering_leaves":1,"minecraft:furnace":1,"eternal_tales:skill_stone_catching":1,"minecraft:iron_ore":13,"minecraft:lilac":1,"minecraft:grass":2,"minecraft:coal_ore":2,"minecraft:oak_log":12,"minecraft:dirt":1,"minecraft:stone":138,"minecraft:white_wool":1},"minecraft:custom":{"minecraft:interact_with_furnace":12,"minecraft:mob_kills":5,"minecraft:interact_with_crafting_table":3,"minecraft:leave_game":2,"minecraft:time_since_death":2381,"minecraft:time_since_rest":172,"minecraft:sprint_one_cm":146152,"minecraft:damage_taken":1816,"minecraft:walk_one_cm":55580,"minecraft:drop":8,"minecraft:damage_dealt":977,"minecraft:swim_one_cm":25559,"minecraft:fly_one_cm":279724,"minecraft:open_chest":3,"minecraft:crouch_one_cm":17897,"minecraft:play_time":45286,"tombstone:undead_killed":1,"minecraft:deaths":6,"minecraft:sneak_time":7223,"minecraft:walk_under_water_one_cm":1466,"minecraft:jump":945,"minecraft:walk_on_water_one_cm":10242,"minecraft:total_world_time":45286,"minecraft:fall_one_cm":28739},"minecraft:used":{"minecraft:stone_sword":5,"minecraft:stone_pickaxe":96,"minecraft:oak_planks":6,"minecraft:wooden_pickaxe":5,"minecraft:rotten_flesh":6,"minecraft:white_wool":1,"minecraft:dirt":3,"minecraft:mutton":1,"minecraft:crafting_table":4,"minecraft:diamond_pickaxe":88,"minecraft:apple":2,"minecraft:chicken":1,"eternal_tales:diorite_dirt":1,"eternal_tales:starter_kit":1,"eternal_tales:karst_stone":6,"minecraft:stone_axe":41,"minecraft:cobblestone":38,"minecraft:furnace":2,"minecraft:porkchop":1,"minecraft:egg":1},"minecraft:dropped":{"minecraft:wheat_seeds":1,"minecraft:stone_sword":1,"minecraft:raw_iron":1,"minecraft:cobblestone":27,"eternal_tales:salt":4},"minecraft:killed":{"minecraft:pig":1,"minecraft:sheep":1,"minecraft:zombie":1,"minecraft:chicken":1,"eternal_tales:raccoon":1},"minecraft:killed_by":{"minecraft:skeleton":3,"minecraft:spider":1},"minecraft:picked_up":{"eternal_tales:karst_stone":12,"minecraft:crafting_table":4,"minecraft:feather":2,"minecraft:chicken":1,"minecraft:oak_log":12,"minecraft:dirt":4,"minecraft:wheat_seeds":1,"eternal_tales:brown_rose":1,"eternal_tales:diorite_dirt":1,"eternal_tales:salt":20,"minecraft:chest":1,"minecraft:oak_planks":7,"eternal_tales:starter_kit":1,"minecraft:egg":1,"minecraft:furnace":1,"minecraft:raw_iron":11,"eternal_tales:petrified_log":3,"minecraft:porkchop":1,"eternal_tales:skill_stone_catching":1,"eternal_tales:bronze_coin":6,"minecraft:rotten_flesh":6,"minecraft:diamond":3,"eternal_tales:terra_shard":3,"minecraft:gray_wool":1,"minecraft:mutton":1,"minecraft:coal":2,"minecraft:white_wool":3,"minecraft:cobblestone":140}},"DataVersion":3465}