{"stats":{"minecraft:crafted":{"minecraft:oak_planks":16,"minecraft:crafting_table":1,"minecraft:stick":4,"minecraft:stone_pickaxe":1,"minecraft:furnace":1},"minecraft:mined":{"minecraft:iron_ore":1,"minecraft:lilac":1,"minecraft:crafting_table":1,"minecraft:grass":1,"minecraft:grass_block":1,"minecraft:oak_log":4,"minecraft:coal_ore":2,"minecraft:chest":1,"minecraft:stone":38},"minecraft:custom":{"minecraft:time_since_rest":9732,"minecraft:interact_with_furnace":4,"minecraft:sprint_one_cm":22587,"minecraft:damage_taken":195,"minecraft:walk_one_cm":11782,"minecraft:mob_kills":1,"minecraft:drop":1,"minecraft:damage_dealt":130,"minecraft:swim_one_cm":3200,"minecraft:interact_with_crafting_table":2,"minecraft:fly_one_cm":15040,"minecraft:open_chest":3,"minecraft:crouch_one_cm":2860,"minecraft:play_time":9732,"minecraft:sneak_time":948,"minecraft:walk_under_water_one_cm":642,"minecraft:jump":91,"minecraft:time_since_death":9732,"minecraft:walk_on_water_one_cm":506,"minecraft:total_world_time":9732,"minecraft:fall_one_cm":1438},"minecraft:used":{"minecraft:stone_sword":5,"minecraft:stone_pickaxe":36,"eternal_tales:starter_kit":1,"minecraft:wooden_pickaxe":5,"minecraft:stone_axe":7,"minecraft:dirt":1,"minecraft:crafting_table":1},"minecraft:dropped":{"minecraft:wheat_seeds":1},"minecraft:killed":{"minecraft:sheep":1},"minecraft:picked_up":{"minecraft:raw_iron":1,"minecraft:crafting_table":1,"minecraft:oak_log":4,"minecraft:dirt":1,"minecraft:wheat_seeds":1,"minecraft:chest":1,"minecraft:mutton":1,"minecraft:coal":2,"minecraft:white_wool":1,"eternal_tales:starter_kit":1,"minecraft:cobblestone":38,"minecraft:egg":1}},"DataVersion":3465}