{"stats":{"minecraft:crafted":{"minecraft:oak_planks":16,"minecraft:crafting_table":1,"minecraft:furnace":1,"minecraft:diamond_pickaxe":1,"minecraft:stick":8,"minecraft:stone_pickaxe":1,"minecraft:torch":8},"minecraft:mined":{"eternal_tales:petrified_log":3,"minecraft:crafting_table":3,"minecraft:grass_block":3,"minecraft:chest":1,"minecraft:cobblestone":12,"minecraft:oak_planks":7,"eternal_tales:flowering_leaves":1,"minecraft:furnace":1,"eternal_tales:skill_stone_catching":1,"minecraft:iron_ore":11,"minecraft:lilac":1,"minecraft:grass":2,"minecraft:coal_ore":2,"minecraft:oak_log":12,"minecraft:dirt":1,"minecraft:stone":76,"minecraft:white_wool":1},"minecraft:custom":{"minecraft:interact_with_furnace":5,"minecraft:mob_kills":5,"minecraft:interact_with_crafting_table":3,"minecraft:leave_game":2,"minecraft:time_since_death":5840,"minecraft:time_since_rest":3441,"minecraft:sprint_one_cm":105287,"minecraft:damage_taken":1255,"minecraft:walk_one_cm":45839,"minecraft:drop":4,"minecraft:damage_dealt":901,"minecraft:swim_one_cm":3200,"minecraft:fly_one_cm":188071,"minecraft:open_chest":3,"minecraft:crouch_one_cm":11686,"minecraft:play_time":33286,"tombstone:undead_killed":1,"minecraft:deaths":3,"minecraft:sneak_time":4661,"minecraft:walk_under_water_one_cm":642,"minecraft:jump":675,"minecraft:walk_on_water_one_cm":6631,"minecraft:total_world_time":33286,"minecraft:fall_one_cm":17029},"minecraft:used":{"minecraft:stone_sword":5,"minecraft:stone_pickaxe":96,"minecraft:oak_planks":6,"minecraft:wooden_pickaxe":5,"minecraft:rotten_flesh":5,"minecraft:white_wool":1,"minecraft:dirt":3,"minecraft:mutton":1,"minecraft:crafting_table":4,"minecraft:diamond_pickaxe":4,"minecraft:apple":2,"minecraft:chicken":1,"eternal_tales:starter_kit":1,"minecraft:stone_axe":40,"minecraft:cobblestone":25,"minecraft:furnace":1,"minecraft:porkchop":1,"minecraft:egg":1},"minecraft:dropped":{"minecraft:wheat_seeds":1,"minecraft:stone_sword":1,"minecraft:raw_iron":1,"minecraft:cobblestone":27},"minecraft:killed":{"minecraft:pig":1,"minecraft:sheep":1,"minecraft:zombie":1,"minecraft:chicken":1,"eternal_tales:raccoon":1},"minecraft:killed_by":{"minecraft:skeleton":2},"minecraft:picked_up":{"minecraft:crafting_table":3,"minecraft:feather":2,"minecraft:chicken":1,"minecraft:oak_log":12,"minecraft:dirt":4,"minecraft:wheat_seeds":1,"eternal_tales:brown_rose":1,"minecraft:chest":1,"minecraft:oak_planks":7,"eternal_tales:starter_kit":1,"minecraft:egg":1,"minecraft:furnace":1,"minecraft:raw_iron":10,"eternal_tales:petrified_log":3,"minecraft:porkchop":1,"eternal_tales:skill_stone_catching":1,"eternal_tales:bronze_coin":6,"minecraft:rotten_flesh":6,"minecraft:diamond":3,"eternal_tales:terra_shard":3,"minecraft:gray_wool":1,"minecraft:mutton":1,"minecraft:coal":2,"minecraft:white_wool":3,"minecraft:cobblestone":87}},"DataVersion":3465}