{"stats":{"minecraft:mined":{"minecraft:white_bed":7,"minecraft:glass_pane":6,"eternal_tales:red_sand_dirt":1,"minecraft:mossy_cobblestone":12,"minecraft:oak_door":1,"minecraft:cobblestone_stairs":6,"minecraft:dandelion":2,"minecraft:crafting_table":1,"minecraft:cornflower":1,"minecraft:torch":8,"eternal_tales:anthurium":3,"minecraft:grass_block":713,"minecraft:poppy":1,"minecraft:chest":1,"eternal_tales:andesite_dirt":5,"minecraft:cobblestone":80,"minecraft:composter":2,"minecraft:oak_planks":61,"minecraft:oxeye_daisy":4,"minecraft:yellow_bed":3,"minecraft:azure_bluet":2,"minecraft:bell":2,"minecraft:grass":42,"eternal_tales:blueberry_bush":3,"minecraft:oak_log":76,"minecraft:oak_stairs":102,"eternal_tales:brown_rose":2,"eternal_tales:granite_dirt":2,"minecraft:dirt":289,"minecraft:stone":3,"eternal_tales:astrantia":1,"minecraft:oak_leaves":2,"minecraft:orange_bed":3},"minecraft:picked_up":{"eternal_tales:blueberry_bush":3,"minecraft:crafting_table":1,"minecraft:leather_chestplate":2,"minecraft:azure_bluet":2,"minecraft:wooden_pickaxe":2,"minecraft:oak_stairs":102,"eternal_tales:granite_dirt":2,"minecraft:oak_log":76,"minecraft:cobblestone_stairs":6,"minecraft:yellow_bed":3,"eternal_tales:raccoon_fur":3,"eternal_tales:andesite_dirt":5,"minecraft:cornflower":1,"minecraft:dirt":989,"eternal_tales:stress_pills":2,"minecraft:leather_boots":2,"minecraft:apple":4,"minecraft:wheat_seeds":27,"eternal_tales:astrantia":1,"minecraft:bell":2,"eternal_tales:brown_rose":11,"minecraft:iron_ingot":16,"eternal_tales:red_sand_dirt":1,"minecraft:poppy":4,"minecraft:chest":1,"minecraft:oak_planks":61,"eternal_tales:starter_kit":1,"minecraft:egg":2,"minecraft:oak_door":2,"minecraft:composter":2,"minecraft:torch":12,"minecraft:dandelion":1,"minecraft:white_bed":7,"minecraft:mossy_cobblestone":12,"minecraft:leather_helmet":2,"minecraft:orange_bed":3,"eternal_tales:totem_of_eternal_darkness":4,"minecraft:stone_sword":2,"minecraft:stone_shovel":2,"minecraft:stone_axe":2,"eternal_tales:anthurium":14,"eternal_tales:journal":2,"minecraft:mutton":1,"minecraft:cobblestone":83,"minecraft:white_wool":1,"eternal_tales:heart_et":1,"minecraft:oxeye_daisy":3},"minecraft:used":{"eternal_tales:andesite_dirt":5,"minecraft:water_bucket":16,"minecraft:leather_leggings":1,"minecraft:stone_sword":16,"minecraft:iron_shovel":683,"minecraft:stone_pickaxe":75,"minecraft:oak_planks":11,"minecraft:chest":2,"minecraft:wooden_pickaxe":55,"minecraft:leather_chestplate":3,"minecraft:composter":2,"minecraft:wooden_shovel":180,"minecraft:bell":2,"minecraft:leather_boots":3,"minecraft:oak_door":1,"minecraft:orange_bed":3,"minecraft:torch":6,"minecraft:dirt":561,"minecraft:crafting_table":2,"minecraft:white_bed":7,"minecraft:oak_log":14,"minecraft:wooden_axe":34,"minecraft:iron_axe":116,"minecraft:leather_helmet":1,"eternal_tales:starter_kit":1,"minecraft:stone_axe":126,"minecraft:oak_sapling":2,"minecraft:bucket":17,"tombstone:gift":3,"minecraft:yellow_bed":3,"minecraft:egg":2,"eternal_tales:granite_dirt":1},"minecraft:crafted":{"minecraft:oak_planks":56,"minecraft:wooden_shovel":3,"minecraft:crafting_table":1,"minecraft:wooden_pickaxe":1,"minecraft:bucket":1,"minecraft:stone_axe":1,"minecraft:iron_boots":1,"minecraft:shield":1,"minecraft:iron_axe":1,"minecraft:stick":24,"minecraft:iron_shovel":3,"minecraft:chest":1,"minecraft:stone_pickaxe":1,"minecraft:wooden_axe":1},"minecraft:broken":{"minecraft:iron_shovel":2,"minecraft:wooden_shovel":3,"minecraft:stone_axe":1,"minecraft:wooden_axe":1,"minecraft:wooden_pickaxe":1},"minecraft:killed":{"minecraft:iron_golem":4,"minecraft:sheep":1,"minecraft:villager":1},"minecraft:killed_by":{"minecraft:player":5,"minecraft:skeleton":1,"minecraft:iron_golem":6},"minecraft:custom":{"minecraft:mob_kills":6,"minecraft:interact_with_crafting_table":17,"minecraft:bell_ring":7,"minecraft:leave_game":5,"minecraft:time_since_death":11092,"minecraft:sleep_in_bed":17,"minecraft:time_since_rest":10792,"minecraft:sprint_one_cm":133193,"minecraft:damage_taken":4042,"minecraft:walk_one_cm":810970,"tombstone:sneak_grave":1,"minecraft:drop":19,"minecraft:damage_dealt":5159,"minecraft:swim_one_cm":10192,"minecraft:talked_to_villager":1,"minecraft:fly_one_cm":151020,"minecraft:player_kills":3,"minecraft:open_chest":19,"minecraft:crouch_one_cm":13410,"minecraft:play_time":146184,"minecraft:deaths":15,"minecraft:sneak_time":4418,"minecraft:walk_under_water_one_cm":17324,"tombstone:villager_killed":1,"minecraft:jump":2088,"minecraft:walk_on_water_one_cm":22227,"minecraft:total_world_time":146184,"minecraft:fall_one_cm":34037},"minecraft:dropped":{"eternal_tales:anthurium":2,"minecraft:azure_bluet":2,"eternal_tales:raccoon_fur":1,"minecraft:oxeye_daisy":3,"minecraft:poppy":4,"eternal_tales:totem_of_eternal_darkness":2,"minecraft:cornflower":1,"eternal_tales:blueberry_bush":3,"minecraft:mutton":1,"tombstone:grave_dust":2,"eternal_tales:astrantia":1,"eternal_tales:red_sand_dirt":1,"minecraft:white_wool":1,"minecraft:dandelion":1}},"DataVersion":3465}