{"stats":{"minecraft:mined":{"minecraft:spruce_planks":4,"eternal_tales:red_sand_dirt":1,"minecraft:white_bed":40,"minecraft:farmland":9,"minecraft:cobblestone_stairs":33,"minecraft:obsidian":6,"minecraft:granite":1,"minecraft:grass_block":1703,"minecraft:hopper":1,"minecraft:composter":2,"minecraft:oak_wall_sign":6,"minecraft:oxeye_daisy":4,"minecraft:spawner":3,"minecraft:polished_blackstone_bricks":1,"minecraft:tall_seagrass":1,"minecraft:iron_ore":15,"minecraft:cobbled_deepslate":91,"minecraft:fire":46,"minecraft:deepslate_lapis_ore":4,"minecraft:azure_bluet":2,"minecraft:dirt_path":60,"minecraft:oak_stairs":102,"eternal_tales:brown_rose":2,"eternal_tales:granite_dirt":2,"eternal_tales:latit":32,"eternal_tales:chlorine_ore":19,"eternal_tales:ruby_bud_medium":1,"minecraft:spruce_slab":116,"minecraft:orange_bed":4,"minecraft:deepslate_redstone_ore":25,"eternal_tales:ruby_cluster":10,"minecraft:crimson_nylium":12,"eternal_tales:petrified_log":5,"minecraft:clay":26,"minecraft:torch":16,"eternal_tales:artemisia_ludoviciana":2,"minecraft:poppy":2,"minecraft:chest":7,"eternal_tales:ruby_block":12,"minecraft:spruce_wall_sign":1,"eternal_tales:brown_clay":4,"minecraft:glass":11,"minecraft:cobblestone":211,"minecraft:oak_planks":236,"minecraft:bricks":2,"minecraft:wall_torch":40,"minecraft:powered_rail":22,"minecraft:nether_wart_block":6,"minecraft:wheat":2,"eternal_tales:vase_et_white":2,"minecraft:stone_brick_stairs":13,"minecraft:grass":147,"minecraft:oak_log":272,"minecraft:sand":91,"minecraft:dirt":1745,"eternal_tales:flowering_log":90,"minecraft:dispenser":8,"eternal_tales:flowering_slab":2,"minecraft:netherrack":1,"minecraft:oak_leaves":35,"minecraft:deepslate":962,"eternal_tales:crystalized_glowstone_block":2,"eternal_tales:salt_block":56,"minecraft:tuff":102,"minecraft:mossy_cobblestone":12,"minecraft:deepslate_diamond_ore":14,"minecraft:oak_door":7,"minecraft:glow_lichen":1,"minecraft:cobbled_deepslate_slab":17,"eternal_tales:karst_stone":26,"minecraft:redstone_wire":11,"minecraft:spruce_leaves":52,"eternal_tales:pyroxenite":21,"eternal_tales:flowering_leaves":234,"minecraft:oak_trapdoor":25,"minecraft:furnace":10,"minecraft:carrots":196,"minecraft:andesite":4,"minecraft:bell":3,"minecraft:potatoes":1,"minecraft:cobblestone_slab":9,"minecraft:shroomlight":6,"minecraft:deepslate_iron_ore":7,"minecraft:rail":116,"minecraft:lantern":7,"minecraft:stripped_oak_log":1,"eternal_tales:limestone":16,"minecraft:stone":1918,"eternal_tales:astrantia":1,"minecraft:redstone_wall_torch":1,"minecraft:white_wool":6,"minecraft:glass_pane":6,"minecraft:dandelion":2,"minecraft:crafting_table":3,"minecraft:cornflower":2,"eternal_tales:anthurium":11,"minecraft:lectern":3,"eternal_tales:andesite_dirt":12,"minecraft:copper_ore":15,"minecraft:tall_grass":9,"minecraft:deepslate_gold_ore":28,"minecraft:diorite":67,"minecraft:spruce_stairs":7,"eternal_tales:deepslate_cobalt_ore":59,"eternal_tales:wolfberry_bush":3,"minecraft:coarse_dirt":3,"minecraft:redstone_torch":13,"minecraft:white_carpet":5,"minecraft:spruce_log":182,"minecraft:yellow_bed":8,"eternal_tales:blueberry_bush":11,"minecraft:coal_ore":141,"eternal_tales:ruby_bud_large":1,"minecraft:gravel":74,"eternal_tales:livetreepoisontrap":1,"minecraft:oak_button":4,"minecraft:stone_bricks":44,"eternal_tales:flowering_planks":53},"minecraft:picked_up":{"eternal_tales:karst_stone":25,"eternal_tales:blueberry_bush":11,"eternal_tales:flowering_door":1,"minecraft:lead":6,"minecraft:oak_stairs":102,"minecraft:enchanted_book":7,"minecraft:stone_brick_stairs":20,"minecraft:string":8,"minecraft:raw_copper":74,"minecraft:cooked_salmon":84,"eternal_tales:stress_pills":3,"minecraft:shroomlight":6,"minecraft:oak_sign":93,"minecraft:smooth_stone":27,"minecraft:cobbled_deepslate":1261,"minecraft:bucket":1,"minecraft:spruce_planks":4,"eternal_tales:red_sand_dirt":1,"minecraft:redstone_torch":14,"minecraft:cobblestone_slab":9,"eternal_tales:artemisia_ludoviciana":2,"eternal_tales:starter_kit":1,"minecraft:furnace":10,"minecraft:golden_helmet":1,"minecraft:stick":31,"minecraft:composter":3,"eternal_tales:latit":32,"minecraft:torch":71,"minecraft:spruce_stairs":11,"minecraft:porkchop":8,"tombstone:grave_dust":4,"minecraft:diorite":129,"minecraft:orange_bed":5,"eternal_tales:totem_of_eternal_darkness":4,"minecraft:stone_sword":2,"minecraft:rotten_flesh":57,"eternal_tales:wolfberry_bush":5,"minecraft:obsidian":6,"minecraft:cobblestone":2067,"minecraft:leather_chestplate":3,"minecraft:potato":1,"minecraft:flint":6,"minecraft:tuff":95,"eternal_tales:tea_seeds":2,"eternal_tales:andesite_dirt":11,"minecraft:lapis_lazuli":32,"minecraft:dirt":4041,"minecraft:lantern":7,"minecraft:leather_boots":2,"minecraft:bone":9,"eternal_tales:ruby_spear":3,"minecraft:wheat_seeds":72,"minecraft:raw_gold":30,"minecraft:cobbled_deepslate_slab":15,"minecraft:bell":3,"minecraft:powered_rail":23,"minecraft:oak_planks":245,"eternal_tales:rubygem":14,"eternal_tales:crystalized_glowstone_block":2,"minecraft:sand":84,"minecraft:grass_block":1,"minecraft:mossy_cobblestone":12,"minecraft:bundle":1,"minecraft:dispenser":8,"eternal_tales:ectoplasm":6,"minecraft:diamond":16,"minecraft:spruce_boat":6,"eternal_tales:terra_shard":6,"eternal_tales:anthurium":25,"minecraft:granite":1,"minecraft:spruce_sign":40,"minecraft:oak_sapling":22,"minecraft:netherrack":12,"minecraft:bricks":16,"eternal_tales:raw_chlorine":44,"minecraft:crimson_roots":7,"minecraft:coarse_dirt":5,"minecraft:crafting_table":4,"minecraft:azure_bluet":2,"minecraft:clay_ball":336,"minecraft:wooden_pickaxe":2,"eternal_tales:destroyer_eye":7,"eternal_tales:granite_dirt":3,"minecraft:brick":2,"eternal_tales:raccoon_fur":5,"minecraft:cornflower":2,"minecraft:oak_trapdoor":26,"eternal_tales:cobaltpickaxe":1,"eternal_tales:flowering_planks":130,"minecraft:white_carpet":6,"minecraft:iron_shovel":1,"eternal_tales:astrantia":13,"eternal_tales:raw_cobalt":58,"minecraft:beef":13,"minecraft:oak_boat":22,"eternal_tales:limestone_rock":15,"minecraft:lectern":3,"minecraft:poppy":40,"minecraft:spruce_slab":226,"minecraft:minecart":16,"minecraft:chest":8,"minecraft:egg":5,"minecraft:raw_iron":25,"minecraft:oak_door":13,"eternal_tales:petrified_log":5,"minecraft:polished_blackstone_bricks":1,"eternal_tales:brown_clay_ball":24,"minecraft:carrot":646,"minecraft:redstone":192,"eternal_tales:salt_fish":49,"minecraft:arrow":7,"minecraft:stone_shovel":2,"eternal_tales:pyroxenite":45,"minecraft:shears":1,"eternal_tales:journal":2,"minecraft:gold_ingot":11,"minecraft:mutton":1,"minecraft:rail":122,"minecraft:white_wool":35,"eternal_tales:heart_et":1,"minecraft:oxeye_daisy":3,"minecraft:stripped_oak_log":2,"eternal_tales:ancienzyte_bolt":27,"minecraft:salmon":55,"minecraft:leather":8,"minecraft:ice":6,"minecraft:oak_log":271,"minecraft:yellow_bed":8,"minecraft:nether_wart_block":4,"minecraft:gunpowder":7,"minecraft:cobblestone_stairs":33,"minecraft:apple":22,"minecraft:stone_bricks":45,"minecraft:kelp":14,"minecraft:iron_ingot":116,"eternal_tales:brown_rose":13,"eternal_tales:flowering_slab":2,"eternal_tales:salt":254,"minecraft:dandelion":1,"minecraft:gravel":46,"minecraft:spruce_sapling":12,"eternal_tales:ruby_shard":40,"minecraft:white_bed":40,"minecraft:spruce_log":212,"minecraft:spider_eye":4,"minecraft:leather_helmet":2,"eternal_tales:flowering_log":90,"eternal_tales:bronze_coin":26,"eternal_tales:ruby_block":49,"eternal_tales:fear_textbook":1,"minecraft:stone_axe":2,"eternal_tales:star_lord_emblem":1,"minecraft:oak_button":5,"tombstone:magic_scroll":2,"minecraft:coal":147,"minecraft:hopper":1,"minecraft:ender_pearl":1},"minecraft:used":{"eternal_tales:andesite_dirt":7,"minecraft:iron_shovel":1769,"eternal_tales:flowering_log":18,"minecraft:dispenser":9,"minecraft:spruce_slab":698,"minecraft:oak_sign":143,"minecraft:shield":82,"minecraft:chest":20,"eternal_tales:petrified_slab":4,"minecraft:iron_sword":364,"minecraft:rotten_flesh":18,"minecraft:bell":3,"minecraft:carrot":251,"minecraft:tuff":40,"minecraft:obsidian":10,"minecraft:glass":15,"minecraft:spruce_boat":8,"minecraft:lava_bucket":3,"minecraft:bricks":2,"minecraft:lantern":12,"minecraft:stone_brick_stairs":20,"minecraft:stone_bricks":377,"minecraft:oak_sapling":23,"minecraft:furnace":16,"minecraft:egg":4,"minecraft:potato":1,"minecraft:leather_leggings":1,"minecraft:oak_planks":188,"minecraft:stone_pickaxe":113,"minecraft:powered_rail":41,"eternal_tales:latit":31,"eternal_tales:flowering_stairs":5,"minecraft:ender_pearl":1,"minecraft:leather_chestplate":3,"minecraft:wooden_pickaxe":55,"minecraft:composter":4,"minecraft:white_wool":6,"minecraft:sand":20,"minecraft:blast_furnace":2,"minecraft:redstone_torch":23,"eternal_tales:salt_fish":67,"minecraft:bread":1,"eternal_tales:crystalized_glowstone_block":1,"eternal_tales:starter_kit":1,"eternal_tales:rubypickaxe":631,"minecraft:gravel":30,"minecraft:diamond_sword":283,"minecraft:oak_boat":28,"eternal_tales:granite_dirt":2,"minecraft:coarse_dirt":3,"minecraft:bone_meal":54,"minecraft:oak_trapdoor":36,"minecraft:stone_sword":16,"minecraft:flint_and_steel":1,"minecraft:redstone":16,"minecraft:spruce_planks":7,"minecraft:wooden_shovel":180,"minecraft:cooked_salmon":6,"minecraft:netherrack":12,"minecraft:oak_door":14,"minecraft:orange_bed":5,"minecraft:torch":274,"minecraft:dirt":2665,"eternal_tales:cobalt_shield":18,"minecraft:white_carpet":14,"minecraft:hopper":2,"minecraft:spruce_stairs":31,"minecraft:shroomlight":4,"minecraft:iron_hoe":179,"minecraft:wooden_axe":34,"minecraft:iron_axe":1059,"minecraft:diamond_chestplate":1,"minecraft:golden_carrot":19,"minecraft:minecart":4,"tombstone:gift":7,"minecraft:cooked_beef":3,"minecraft:cobbled_deepslate":388,"eternal_tales:flowering_slab":6,"minecraft:water_bucket":131,"eternal_tales:cobaltpickaxe":1628,"minecraft:cobblestone_stairs":228,"minecraft:spruce_sign":40,"minecraft:cobblestone_slab":28,"minecraft:leather_boots":3,"minecraft:rail":178,"eternal_tales:flowering_planks":300,"minecraft:crafting_table":5,"minecraft:white_bed":45,"minecraft:spruce_log":5,"minecraft:smoker":2,"eternal_tales:salt_beef":3,"minecraft:oak_log":149,"minecraft:diamond_pickaxe":12,"minecraft:diamond_shovel":1373,"minecraft:oak_button":6,"minecraft:iron_pickaxe":1756,"minecraft:leather_helmet":1,"eternal_tales:karst_stone":19,"minecraft:spruce_sapling":12,"minecraft:stone_axe":126,"minecraft:cobblestone":316,"minecraft:cobbled_deepslate_slab":81,"minecraft:bucket":135,"minecraft:yellow_bed":8,"minecraft:stripped_oak_log":2,"eternal_tales:ruby_block":1,"eternal_tales:flowering_door":4},"minecraft:crafted":{"minecraft:brick":32,"minecraft:smooth_stone":30,"minecraft:oak_planks":452,"minecraft:cobblestone_slab":24,"minecraft:oak_sign":108,"minecraft:chain":4,"eternal_tales:flowering_planks":288,"minecraft:cobblestone_stairs":232,"minecraft:stone":326,"minecraft:diamond_shovel":1,"eternal_tales:cobaltarmor_leggings":1,"minecraft:hopper":1,"minecraft:glass":15,"eternal_tales:cobaltpickaxe":1,"minecraft:bow":2,"minecraft:iron_boots":1,"minecraft:chest":15,"minecraft:oak_button":5,"eternal_tales:flowering_stairs":8,"minecraft:rail":64,"minecraft:bricks":7,"minecraft:stone_bricks":348,"eternal_tales:cobaltarmor_helmet":1,"minecraft:smoker":2,"minecraft:wooden_shovel":3,"minecraft:crafting_table":1,"minecraft:spruce_planks":500,"minecraft:wooden_pickaxe":1,"minecraft:iron_helmet":1,"eternal_tales:cobaltingot":28,"minecraft:dispenser":2,"minecraft:stone_brick_stairs":8,"minecraft:iron_chestplate":1,"minecraft:charcoal":24,"minecraft:shield":2,"minecraft:stick":232,"minecraft:iron_ingot":19,"minecraft:iron_pickaxe":7,"minecraft:iron_block":1,"minecraft:gold_ingot":16,"minecraft:redstone_torch":8,"eternal_tales:double_chain":2,"minecraft:shears":1,"minecraft:cobbled_deepslate_slab":66,"minecraft:oak_door":3,"minecraft:iron_nugget":55,"minecraft:pointed_dripstone":4,"minecraft:furnace":10,"minecraft:blast_furnace":2,"eternal_tales:flowering_slab":6,"minecraft:bone_meal":54,"minecraft:white_carpet":9,"minecraft:oak_trapdoor":12,"minecraft:flint_and_steel":1,"eternal_tales:rubygem":10,"minecraft:lantern":5,"minecraft:spruce_stairs":28,"minecraft:iron_axe":5,"eternal_tales:petrified_planks":20,"minecraft:iron_hoe":2,"minecraft:spruce_slab":576,"eternal_tales:portable_chest_big":1,"eternal_tales:salt_fish":148,"eternal_tales:petrified_slab":6,"minecraft:stone_pickaxe":1,"minecraft:diamond_boots":1,"minecraft:spruce_boat":1,"eternal_tales:cobalt_shield":1,"eternal_tales:flowering_door":6,"minecraft:minecart":1,"minecraft:cooked_beef":7,"minecraft:diamond_sword":1,"minecraft:spruce_sign":39,"minecraft:powered_rail":18,"minecraft:iron_sword":2,"eternal_tales:gold_shield":1,"minecraft:cooked_salmon":47,"minecraft:bucket":1,"eternal_tales:salt_beef":4,"minecraft:stone_axe":1,"minecraft:air":0,"minecraft:oak_boat":6,"eternal_tales:rubypickaxe":1,"minecraft:gold_nugget":9,"minecraft:wooden_axe":1,"minecraft:iron_shovel":8,"minecraft:iron_leggings":1,"minecraft:white_bed":6,"minecraft:torch":232,"minecraft:diamond_chestplate":1},"minecraft:broken":{"minecraft:golden_helmet":1,"minecraft:iron_shovel":7,"minecraft:wooden_shovel":3,"minecraft:iron_chestplate":1,"minecraft:stone_pickaxe":1,"minecraft:stone_axe":1,"minecraft:wooden_axe":1,"minecraft:wooden_pickaxe":1,"minecraft:shield":2,"minecraft:iron_axe":4,"minecraft:iron_pickaxe":7,"minecraft:iron_helmet":1},"minecraft:killed":{"minecraft:witch":1,"minecraft:spider":10,"minecraft:skeleton":11,"minecraft:piglin":1,"minecraft:pig":1,"eternal_tales:wendigo":2,"minecraft:zombie_villager":3,"minecraft:salmon":20,"minecraft:iron_golem":31,"minecraft:creeper":4,"minecraft:sheep":1,"minecraft:trader_llama":4,"minecraft:zombie":36,"eternal_tales:spirit":1,"eternal_tales:infern":1,"eternal_tales:beast":2,"minecraft:cow":7,"eternal_tales:sunflower_spider":2,"minecraft:drowned":1,"minecraft:wandering_trader":1,"eternal_tales:flea":3,"eternal_tales:flower_zombie":7,"minecraft:villager":5,"minecraft:enderman":1},"minecraft:killed_by":{"eternal_tales:wendigo":1,"minecraft:creeper":5,"minecraft:pillager":1,"eternal_tales:beast":1,"eternal_tales:cold_overseer":2,"eternal_tales:infern":7,"eternal_tales:butcher":1,"minecraft:zombie":3,"minecraft:player":5,"minecraft:enderman":1,"minecraft:iron_golem":26,"eternal_tales:flower_zombie":1,"eternal_tales:hell_overseer":1,"minecraft:skeleton":2},"minecraft:custom":{"minecraft:interact_with_crafting_table":242,"minecraft:open_barrel":6,"minecraft:bell_ring":7,"minecraft:leave_game":16,"minecraft:time_since_death":62342,"minecraft:sprint_one_cm":2430933,"minecraft:damage_blocked_by_shield":8115,"minecraft:drop":294,"minecraft:talked_to_villager":28,"minecraft:play_time":1442373,"minecraft:deaths":61,"minecraft:jump":16087,"minecraft:walk_on_water_one_cm":207546,"minecraft:interact_with_furnace":126,"minecraft:traded_with_villager":2,"minecraft:sleep_in_bed":103,"tombstone:sneak_grave":1,"minecraft:damage_dealt":52953,"minecraft:player_kills":3,"minecraft:crouch_one_cm":238773,"tombstone:undead_killed":58,"tombstone:villager_killed":6,"minecraft:interact_with_smoker":2,"minecraft:inspect_dispenser":28,"minecraft:mob_kills":156,"minecraft:climb_one_cm":1642,"minecraft:walk_one_cm":5964562,"minecraft:sneak_time":78102,"minecraft:walk_under_water_one_cm":76054,"minecraft:boat_one_cm":1686827,"minecraft:interact_with_blast_furnace":27,"minecraft:total_world_time":1442373,"tombstone:raider_killed":1,"minecraft:time_since_rest":31304,"minecraft:damage_taken":19716,"minecraft:swim_one_cm":84637,"minecraft:fly_one_cm":2294541,"minecraft:open_chest":350,"minecraft:fall_one_cm":265779},"minecraft:dropped":{"minecraft:iron_sword":1,"minecraft:porkchop":6,"minecraft:oak_log":2,"eternal_tales:flowering_planks":45,"eternal_tales:ectoplasm":6,"eternal_tales:anthurium":24,"minecraft:flint":4,"minecraft:dirt":546,"eternal_tales:totem_of_eternal_darkness":2,"minecraft:ice":2,"minecraft:cornflower":2,"minecraft:mutton":1,"eternal_tales:ruby_block":26,"minecraft:crimson_roots":5,"eternal_tales:andesite_dirt":4,"minecraft:sand":1,"eternal_tales:red_sand_dirt":1,"minecraft:white_wool":3,"minecraft:bone":4,"minecraft:oak_door":1,"minecraft:gravel":16,"eternal_tales:bronze_coin":13,"minecraft:cobbled_deepslate":393,"minecraft:rotten_flesh":29,"eternal_tales:pyroxenite":27,"minecraft:azure_bluet":2,"eternal_tales:raccoon_fur":3,"minecraft:carrot":347,"eternal_tales:salt_beef":1,"minecraft:poppy":36,"minecraft:leather_chestplate":1,"minecraft:gunpowder":6,"eternal_tales:salt":53,"eternal_tales:granite_dirt":1,"eternal_tales:flowering_slab":1,"eternal_tales:astrantia":13,"minecraft:spruce_slab":85,"minecraft:arrow":3,"eternal_tales:cobaltpickaxe":1,"minecraft:stone_brick_stairs":4,"minecraft:egg":1,"eternal_tales:brown_clay_ball":8,"minecraft:enchanted_book":4,"eternal_tales:crystalized_glowstone_block":1,"eternal_tales:stress_pills":1,"minecraft:minecart":7,"minecraft:cobblestone":9,"minecraft:lead":1,"minecraft:granite":1,"minecraft:spruce_stairs":2,"minecraft:stick":4,"minecraft:oxeye_daisy":3,"eternal_tales:petrified_slab":2,"eternal_tales:brown_rose":13,"eternal_tales:raw_chlorine":38,"minecraft:diorite":129,"tombstone:magic_scroll":2,"minecraft:torch":3,"tombstone:grave_dust":6,"minecraft:iron_leggings":1,"eternal_tales:flowering_door":1,"minecraft:smooth_stone":18,"minecraft:iron_shovel":2,"minecraft:bucket":1,"minecraft:dandelion":1,"minecraft:redstone":64,"eternal_tales:artemisia_ludoviciana":2,"minecraft:bricks":7,"eternal_tales:limestone_rock":15,"minecraft:kelp":14,"minecraft:oak_trapdoor":2,"minecraft:coarse_dirt":2,"minecraft:raw_copper":24,"minecraft:tuff":6,"minecraft:raw_iron":2,"minecraft:clay_ball":149,"eternal_tales:salt_fish":79,"minecraft:shears":1,"minecraft:oak_button":4,"eternal_tales:rubygem":7,"minecraft:spruce_planks":7,"eternal_tales:blueberry_bush":11,"minecraft:oak_sapling":1,"minecraft:spider_eye":1,"minecraft:spruce_log":17,"eternal_tales:wolfberry_bush":1,"eternal_tales:karst_stone":6,"eternal_tales:petrified_planks":3,"eternal_tales:terra_shard":6,"minecraft:brick":6}},"DataVersion":3465}