{"stats":{"minecraft:mined":{"minecraft:spruce_planks":1,"minecraft:white_bed":7,"eternal_tales:red_sand_dirt":1,"minecraft:farmland":4,"minecraft:cobblestone_stairs":31,"minecraft:granite":1,"minecraft:grass_block":1298,"minecraft:composter":2,"minecraft:oxeye_daisy":4,"minecraft:fire":1,"minecraft:iron_ore":15,"minecraft:cobbled_deepslate":6,"minecraft:azure_bluet":2,"minecraft:dirt_path":21,"minecraft:oak_stairs":102,"eternal_tales:brown_rose":2,"eternal_tales:granite_dirt":2,"eternal_tales:latit":16,"eternal_tales:chlorine_ore":16,"eternal_tales:ruby_bud_medium":1,"minecraft:spruce_slab":112,"minecraft:orange_bed":4,"minecraft:deepslate_redstone_ore":7,"eternal_tales:ruby_cluster":10,"eternal_tales:petrified_log":5,"minecraft:clay":26,"minecraft:torch":11,"minecraft:poppy":1,"minecraft:chest":7,"eternal_tales:ruby_block":12,"eternal_tales:brown_clay":4,"minecraft:cobblestone":106,"minecraft:oak_planks":231,"minecraft:bricks":2,"minecraft:wall_torch":26,"minecraft:stone_brick_stairs":12,"minecraft:grass":62,"minecraft:oak_log":177,"minecraft:dirt":762,"eternal_tales:flowering_log":90,"eternal_tales:flowering_slab":1,"minecraft:oak_leaves":16,"minecraft:deepslate":860,"eternal_tales:salt_block":56,"minecraft:tuff":14,"minecraft:mossy_cobblestone":12,"minecraft:deepslate_diamond_ore":4,"minecraft:oak_door":7,"eternal_tales:karst_stone":21,"minecraft:spruce_leaves":23,"eternal_tales:pyroxenite":16,"eternal_tales:flowering_leaves":234,"minecraft:furnace":10,"minecraft:andesite":4,"minecraft:bell":2,"minecraft:deepslate_iron_ore":2,"minecraft:lantern":7,"minecraft:stripped_oak_log":1,"eternal_tales:limestone":16,"minecraft:stone":921,"eternal_tales:astrantia":1,"minecraft:glass_pane":6,"minecraft:dandelion":2,"minecraft:crafting_table":3,"minecraft:cornflower":2,"eternal_tales:anthurium":5,"eternal_tales:andesite_dirt":12,"minecraft:tall_grass":6,"minecraft:copper_ore":4,"minecraft:deepslate_gold_ore":8,"minecraft:diorite":67,"minecraft:spruce_stairs":5,"eternal_tales:deepslate_cobalt_ore":18,"minecraft:white_carpet":5,"minecraft:spruce_log":119,"minecraft:yellow_bed":3,"eternal_tales:blueberry_bush":3,"minecraft:coal_ore":141,"eternal_tales:ruby_bud_large":1,"minecraft:gravel":51,"minecraft:stone_bricks":30,"eternal_tales:flowering_planks":35},"minecraft:picked_up":{"eternal_tales:karst_stone":20,"eternal_tales:blueberry_bush":3,"eternal_tales:flowering_door":1,"minecraft:lead":2,"minecraft:oak_stairs":102,"minecraft:enchanted_book":6,"minecraft:stone_brick_stairs":20,"minecraft:string":1,"minecraft:raw_copper":36,"minecraft:cooked_salmon":84,"eternal_tales:stress_pills":3,"minecraft:smooth_stone":27,"minecraft:cobbled_deepslate":1084,"minecraft:bucket":1,"minecraft:spruce_planks":1,"eternal_tales:red_sand_dirt":1,"eternal_tales:starter_kit":1,"minecraft:furnace":10,"minecraft:golden_helmet":1,"minecraft:stick":18,"minecraft:composter":3,"eternal_tales:latit":16,"minecraft:torch":49,"minecraft:spruce_stairs":9,"minecraft:porkchop":8,"minecraft:diorite":129,"minecraft:orange_bed":5,"eternal_tales:totem_of_eternal_darkness":4,"minecraft:stone_sword":2,"minecraft:rotten_flesh":25,"minecraft:cobblestone":1004,"minecraft:leather_chestplate":3,"minecraft:flint":4,"minecraft:tuff":8,"eternal_tales:andesite_dirt":11,"minecraft:lantern":7,"minecraft:dirt":2886,"minecraft:leather_boots":2,"eternal_tales:ruby_spear":3,"minecraft:wheat_seeds":50,"minecraft:raw_gold":9,"minecraft:bell":2,"minecraft:oak_planks":223,"eternal_tales:rubygem":14,"minecraft:mossy_cobblestone":12,"eternal_tales:ectoplasm":6,"minecraft:diamond":6,"eternal_tales:terra_shard":5,"eternal_tales:anthurium":20,"minecraft:granite":1,"minecraft:oak_sapling":11,"minecraft:bricks":16,"eternal_tales:raw_chlorine":38,"minecraft:crafting_table":4,"minecraft:azure_bluet":2,"minecraft:clay_ball":336,"minecraft:wooden_pickaxe":2,"eternal_tales:granite_dirt":3,"minecraft:brick":2,"eternal_tales:raccoon_fur":5,"minecraft:cornflower":2,"eternal_tales:flowering_planks":109,"minecraft:white_carpet":5,"eternal_tales:astrantia":13,"eternal_tales:raw_cobalt":18,"eternal_tales:limestone_rock":15,"minecraft:poppy":31,"minecraft:spruce_slab":220,"minecraft:chest":8,"minecraft:egg":3,"minecraft:raw_iron":19,"minecraft:oak_door":12,"eternal_tales:petrified_log":5,"eternal_tales:brown_clay_ball":16,"minecraft:redstone":96,"eternal_tales:salt_fish":49,"minecraft:arrow":3,"minecraft:stone_shovel":2,"eternal_tales:pyroxenite":37,"minecraft:shears":1,"eternal_tales:journal":2,"minecraft:mutton":1,"minecraft:white_wool":20,"eternal_tales:heart_et":1,"minecraft:oxeye_daisy":3,"minecraft:stripped_oak_log":2,"minecraft:salmon":49,"minecraft:ice":6,"minecraft:oak_log":177,"minecraft:yellow_bed":3,"minecraft:gunpowder":6,"minecraft:cobblestone_stairs":31,"minecraft:apple":21,"minecraft:stone_bricks":31,"minecraft:iron_ingot":77,"eternal_tales:brown_rose":13,"eternal_tales:flowering_slab":1,"eternal_tales:salt":254,"minecraft:dandelion":1,"minecraft:gravel":25,"minecraft:spruce_sapling":7,"eternal_tales:ruby_shard":40,"minecraft:white_bed":7,"minecraft:spruce_log":151,"minecraft:spider_eye":1,"minecraft:leather_helmet":2,"eternal_tales:flowering_log":90,"eternal_tales:bronze_coin":17,"eternal_tales:ruby_block":49,"minecraft:stone_axe":2,"tombstone:magic_scroll":2,"minecraft:coal":147},"minecraft:used":{"eternal_tales:andesite_dirt":7,"minecraft:iron_shovel":1769,"eternal_tales:flowering_log":4,"minecraft:spruce_slab":604,"minecraft:chest":20,"minecraft:shield":52,"eternal_tales:petrified_slab":4,"minecraft:iron_sword":263,"minecraft:bell":2,"minecraft:tuff":2,"minecraft:lava_bucket":2,"minecraft:bricks":2,"minecraft:lantern":12,"minecraft:stone_brick_stairs":16,"minecraft:stone_bricks":351,"minecraft:oak_sapling":12,"minecraft:furnace":16,"minecraft:egg":3,"minecraft:leather_leggings":1,"minecraft:oak_planks":171,"minecraft:stone_pickaxe":113,"eternal_tales:flowering_stairs":5,"minecraft:wooden_pickaxe":55,"minecraft:leather_chestplate":3,"minecraft:composter":2,"minecraft:blast_furnace":2,"eternal_tales:salt_fish":30,"eternal_tales:starter_kit":1,"eternal_tales:rubypickaxe":510,"minecraft:gravel":15,"minecraft:oak_boat":1,"eternal_tales:granite_dirt":2,"minecraft:stone_sword":16,"minecraft:spruce_planks":2,"minecraft:wooden_shovel":180,"minecraft:cooked_salmon":6,"minecraft:oak_door":13,"minecraft:orange_bed":5,"minecraft:torch":158,"minecraft:dirt":1446,"minecraft:white_carpet":14,"minecraft:spruce_stairs":19,"minecraft:iron_hoe":23,"minecraft:wooden_axe":34,"minecraft:iron_axe":837,"tombstone:gift":5,"minecraft:cooked_beef":3,"minecraft:cobbled_deepslate":51,"minecraft:water_bucket":58,"eternal_tales:flowering_slab":5,"minecraft:cobblestone_stairs":134,"minecraft:leather_boots":3,"eternal_tales:flowering_planks":256,"minecraft:crafting_table":5,"minecraft:white_bed":7,"minecraft:spruce_log":5,"minecraft:smoker":2,"eternal_tales:salt_beef":3,"minecraft:oak_log":143,"minecraft:diamond_pickaxe":12,"minecraft:iron_pickaxe":1756,"minecraft:leather_helmet":1,"minecraft:spruce_sapling":7,"minecraft:stone_axe":126,"minecraft:cobblestone":114,"minecraft:bucket":60,"minecraft:yellow_bed":3,"minecraft:stripped_oak_log":2,"eternal_tales:ruby_block":1,"eternal_tales:flowering_door":4},"minecraft:crafted":{"minecraft:brick":32,"minecraft:smooth_stone":15,"minecraft:oak_planks":108,"minecraft:cobblestone_slab":24,"eternal_tales:flowering_planks":288,"minecraft:stone":310,"minecraft:cobblestone_stairs":140,"eternal_tales:cobaltarmor_leggings":1,"minecraft:iron_boots":1,"minecraft:chest":12,"minecraft:oak_button":4,"eternal_tales:flowering_stairs":8,"minecraft:rail":16,"minecraft:bricks":7,"minecraft:stone_bricks":332,"minecraft:smoker":2,"minecraft:wooden_shovel":3,"minecraft:crafting_table":1,"minecraft:spruce_planks":348,"minecraft:wooden_pickaxe":1,"minecraft:iron_helmet":1,"eternal_tales:cobaltingot":8,"minecraft:stone_brick_stairs":8,"minecraft:iron_chestplate":1,"minecraft:shield":1,"minecraft:stick":80,"minecraft:iron_ingot":13,"minecraft:iron_pickaxe":7,"minecraft:gold_ingot":9,"minecraft:shears":1,"minecraft:oak_door":3,"minecraft:iron_nugget":45,"minecraft:pointed_dripstone":4,"minecraft:furnace":10,"minecraft:blast_furnace":2,"eternal_tales:flowering_slab":4,"minecraft:white_carpet":9,"eternal_tales:rubygem":10,"minecraft:lantern":5,"minecraft:spruce_stairs":16,"minecraft:iron_axe":4,"eternal_tales:petrified_planks":20,"minecraft:iron_hoe":1,"minecraft:spruce_slab":546,"eternal_tales:salt_fish":141,"eternal_tales:petrified_slab":6,"minecraft:stone_pickaxe":1,"eternal_tales:flowering_door":6,"minecraft:cooked_beef":7,"minecraft:iron_sword":2,"minecraft:cooked_salmon":41,"minecraft:bucket":1,"eternal_tales:salt_beef":4,"minecraft:stone_axe":1,"minecraft:air":0,"minecraft:oak_boat":1,"eternal_tales:rubypickaxe":1,"minecraft:gold_nugget":9,"minecraft:wooden_axe":1,"minecraft:iron_shovel":7,"minecraft:iron_leggings":1,"minecraft:white_bed":4,"minecraft:torch":120},"minecraft:broken":{"minecraft:iron_shovel":7,"minecraft:wooden_shovel":3,"minecraft:stone_pickaxe":1,"minecraft:stone_axe":1,"minecraft:wooden_axe":1,"minecraft:wooden_pickaxe":1,"minecraft:iron_axe":3,"minecraft:iron_pickaxe":7},"minecraft:killed":{"minecraft:witch":1,"minecraft:spider":5,"minecraft:skeleton":1,"minecraft:pig":1,"eternal_tales:wendigo":2,"minecraft:zombie_villager":1,"minecraft:salmon":14,"minecraft:iron_golem":20,"minecraft:creeper":1,"minecraft:sheep":1,"minecraft:trader_llama":2,"minecraft:zombie":9,"eternal_tales:spirit":1,"eternal_tales:sunflower_spider":1,"eternal_tales:flea":2,"eternal_tales:flower_zombie":6,"minecraft:villager":1},"minecraft:killed_by":{"eternal_tales:wendigo":1,"minecraft:creeper":3,"minecraft:pillager":1,"eternal_tales:cold_overseer":2,"minecraft:zombie":2,"minecraft:player":5,"minecraft:iron_golem":13,"eternal_tales:flower_zombie":1,"minecraft:skeleton":2},"minecraft:custom":{"minecraft:interact_with_crafting_table":141,"minecraft:open_barrel":6,"minecraft:bell_ring":7,"minecraft:leave_game":10,"minecraft:time_since_death":5472,"minecraft:sprint_one_cm":1202221,"minecraft:damage_blocked_by_shield":2364,"minecraft:drop":166,"minecraft:talked_to_villager":14,"minecraft:play_time":677789,"minecraft:deaths":33,"minecraft:jump":8763,"minecraft:walk_on_water_one_cm":59020,"minecraft:interact_with_furnace":92,"minecraft:traded_with_villager":2,"minecraft:sleep_in_bed":57,"tombstone:sneak_grave":1,"minecraft:damage_dealt":28103,"minecraft:player_kills":3,"minecraft:crouch_one_cm":77347,"tombstone:undead_killed":17,"tombstone:villager_killed":1,"minecraft:mob_kills":69,"minecraft:walk_one_cm":3074794,"minecraft:sneak_time":26447,"minecraft:walk_under_water_one_cm":49745,"minecraft:boat_one_cm":13818,"minecraft:interact_with_blast_furnace":9,"minecraft:total_world_time":677789,"tombstone:raider_killed":1,"minecraft:time_since_rest":5332,"minecraft:damage_taken":9841,"minecraft:swim_one_cm":61747,"minecraft:fly_one_cm":1190730,"minecraft:open_chest":167,"minecraft:fall_one_cm":139849},"minecraft:dropped":{"minecraft:iron_sword":1,"minecraft:porkchop":4,"eternal_tales:flowering_planks":37,"eternal_tales:ectoplasm":6,"eternal_tales:anthurium":19,"minecraft:flint":4,"minecraft:dirt":537,"eternal_tales:totem_of_eternal_darkness":2,"minecraft:ice":2,"minecraft:cornflower":2,"minecraft:mutton":1,"eternal_tales:ruby_block":26,"eternal_tales:andesite_dirt":4,"eternal_tales:red_sand_dirt":1,"minecraft:white_wool":2,"minecraft:oak_door":1,"minecraft:gravel":10,"eternal_tales:bronze_coin":13,"minecraft:cobbled_deepslate":393,"minecraft:rotten_flesh":25,"eternal_tales:pyroxenite":21,"minecraft:azure_bluet":2,"eternal_tales:raccoon_fur":3,"eternal_tales:salt_beef":1,"minecraft:poppy":32,"minecraft:leather_chestplate":1,"minecraft:gunpowder":6,"eternal_tales:salt":15,"eternal_tales:granite_dirt":1,"eternal_tales:astrantia":13,"minecraft:spruce_slab":79,"minecraft:arrow":3,"minecraft:stone_brick_stairs":4,"eternal_tales:brown_clay_ball":8,"minecraft:enchanted_book":3,"eternal_tales:stress_pills":1,"minecraft:lead":1,"minecraft:cobblestone":9,"minecraft:granite":1,"minecraft:spruce_stairs":2,"minecraft:stick":4,"minecraft:oxeye_daisy":3,"eternal_tales:petrified_slab":2,"eternal_tales:brown_rose":13,"eternal_tales:raw_chlorine":38,"minecraft:diorite":129,"tombstone:magic_scroll":2,"tombstone:grave_dust":2,"minecraft:iron_leggings":1,"eternal_tales:flowering_door":1,"minecraft:smooth_stone":18,"minecraft:bucket":1,"minecraft:dandelion":1,"minecraft:redstone":64,"minecraft:bricks":7,"eternal_tales:limestone_rock":15,"minecraft:raw_copper":24,"minecraft:tuff":6,"minecraft:raw_iron":2,"minecraft:clay_ball":149,"eternal_tales:salt_fish":30,"minecraft:shears":1,"minecraft:oak_button":4,"eternal_tales:rubygem":7,"eternal_tales:blueberry_bush":3,"minecraft:oak_sapling":1,"minecraft:spider_eye":1,"minecraft:spruce_log":17,"eternal_tales:karst_stone":6,"eternal_tales:terra_shard":5,"minecraft:brick":6}},"DataVersion":3465}