{"stats":{"minecraft:mined":{"minecraft:white_bed":7,"minecraft:glass_pane":3,"eternal_tales:red_sand_dirt":1,"minecraft:mossy_cobblestone":8,"minecraft:oak_door":1,"minecraft:cobblestone_stairs":3,"minecraft:dandelion":2,"minecraft:cornflower":1,"minecraft:torch":8,"eternal_tales:anthurium":1,"minecraft:grass_block":136,"minecraft:poppy":1,"minecraft:chest":1,"eternal_tales:andesite_dirt":5,"minecraft:cobblestone":39,"minecraft:composter":2,"minecraft:oak_planks":31,"minecraft:oxeye_daisy":4,"minecraft:yellow_bed":3,"minecraft:azure_bluet":2,"minecraft:bell":2,"minecraft:grass":23,"eternal_tales:blueberry_bush":1,"minecraft:oak_log":44,"minecraft:oak_stairs":51,"minecraft:dirt":156,"minecraft:stone":3,"eternal_tales:astrantia":1,"minecraft:oak_leaves":2,"minecraft:orange_bed":2},"minecraft:picked_up":{"eternal_tales:blueberry_bush":1,"minecraft:leather_chestplate":2,"minecraft:azure_bluet":2,"minecraft:wooden_pickaxe":2,"minecraft:oak_stairs":51,"minecraft:oak_log":44,"minecraft:cobblestone_stairs":3,"minecraft:yellow_bed":3,"eternal_tales:raccoon_fur":3,"eternal_tales:andesite_dirt":5,"minecraft:cornflower":1,"minecraft:dirt":296,"eternal_tales:stress_pills":2,"minecraft:leather_boots":2,"minecraft:apple":4,"minecraft:wheat_seeds":5,"eternal_tales:astrantia":1,"minecraft:bell":2,"minecraft:iron_ingot":16,"eternal_tales:red_sand_dirt":1,"minecraft:poppy":4,"minecraft:chest":1,"minecraft:oak_planks":31,"eternal_tales:starter_kit":1,"minecraft:egg":2,"minecraft:oak_door":2,"minecraft:composter":2,"minecraft:torch":9,"minecraft:dandelion":1,"minecraft:white_bed":7,"minecraft:mossy_cobblestone":8,"minecraft:leather_helmet":2,"minecraft:orange_bed":2,"eternal_tales:totem_of_eternal_darkness":4,"minecraft:stone_sword":2,"minecraft:stone_shovel":2,"minecraft:stone_axe":2,"eternal_tales:anthurium":3,"eternal_tales:journal":2,"minecraft:mutton":1,"minecraft:cobblestone":42,"minecraft:white_wool":1,"eternal_tales:heart_et":1,"minecraft:oxeye_daisy":3},"minecraft:used":{"minecraft:water_bucket":10,"minecraft:leather_leggings":1,"minecraft:stone_sword":16,"minecraft:stone_pickaxe":24,"minecraft:oak_planks":1,"minecraft:wooden_pickaxe":55,"minecraft:leather_chestplate":3,"minecraft:composter":2,"minecraft:wooden_shovel":173,"minecraft:bell":2,"minecraft:leather_boots":3,"minecraft:oak_door":1,"minecraft:orange_bed":2,"minecraft:torch":4,"minecraft:dirt":169,"minecraft:crafting_table":1,"minecraft:white_bed":7,"minecraft:wooden_axe":34,"minecraft:leather_helmet":1,"eternal_tales:starter_kit":1,"minecraft:stone_axe":126,"minecraft:bucket":11,"tombstone:gift":3,"minecraft:yellow_bed":3,"minecraft:egg":2},"minecraft:crafted":{"minecraft:oak_planks":56,"minecraft:wooden_shovel":3,"minecraft:crafting_table":1,"minecraft:wooden_pickaxe":1,"minecraft:bucket":1,"minecraft:stone_axe":1,"minecraft:iron_boots":1,"minecraft:shield":1,"minecraft:iron_axe":1,"minecraft:stick":16,"minecraft:stone_pickaxe":1,"minecraft:wooden_axe":1},"minecraft:broken":{"minecraft:wooden_shovel":2,"minecraft:stone_axe":1,"minecraft:wooden_axe":1,"minecraft:wooden_pickaxe":1},"minecraft:killed":{"minecraft:iron_golem":4,"minecraft:sheep":1,"minecraft:villager":1},"minecraft:killed_by":{"minecraft:player":5,"minecraft:skeleton":1,"minecraft:iron_golem":6},"minecraft:custom":{"minecraft:mob_kills":6,"minecraft:interact_with_crafting_table":12,"minecraft:bell_ring":7,"minecraft:leave_game":5,"minecraft:time_since_death":19529,"minecraft:sleep_in_bed":13,"minecraft:time_since_rest":1940,"minecraft:sprint_one_cm":120548,"minecraft:damage_taken":3842,"minecraft:walk_one_cm":523370,"tombstone:sneak_grave":1,"minecraft:drop":7,"minecraft:damage_dealt":5159,"minecraft:swim_one_cm":10192,"minecraft:talked_to_villager":1,"minecraft:fly_one_cm":138674,"minecraft:player_kills":3,"minecraft:open_chest":10,"minecraft:crouch_one_cm":11837,"minecraft:play_time":110184,"minecraft:deaths":14,"minecraft:sneak_time":3917,"minecraft:walk_under_water_one_cm":17127,"tombstone:villager_killed":1,"minecraft:jump":1702,"minecraft:walk_on_water_one_cm":20924,"minecraft:total_world_time":110184,"minecraft:fall_one_cm":30141},"minecraft:dropped":{"eternal_tales:anthurium":2,"eternal_tales:raccoon_fur":1,"eternal_tales:totem_of_eternal_darkness":2,"tombstone:grave_dust":2}},"DataVersion":3465}