{"stats":{"minecraft:mined":{"minecraft:white_bed":7,"minecraft:glass_pane":6,"eternal_tales:red_sand_dirt":1,"minecraft:mossy_cobblestone":12,"minecraft:oak_door":1,"minecraft:cobblestone_stairs":6,"minecraft:dandelion":2,"minecraft:crafting_table":1,"minecraft:cornflower":1,"minecraft:torch":8,"eternal_tales:anthurium":4,"minecraft:grass_block":729,"minecraft:poppy":1,"minecraft:chest":1,"eternal_tales:andesite_dirt":5,"eternal_tales:brown_clay":1,"minecraft:cobblestone":80,"minecraft:composter":2,"minecraft:oak_planks":143,"minecraft:oxeye_daisy":4,"minecraft:wall_torch":1,"minecraft:yellow_bed":3,"minecraft:azure_bluet":2,"minecraft:bell":2,"minecraft:grass":45,"eternal_tales:blueberry_bush":3,"minecraft:oak_log":108,"minecraft:oak_stairs":102,"eternal_tales:brown_rose":2,"eternal_tales:granite_dirt":2,"minecraft:dirt":329,"minecraft:stone":26,"eternal_tales:astrantia":1,"minecraft:oak_leaves":2,"minecraft:orange_bed":3},"minecraft:picked_up":{"eternal_tales:blueberry_bush":3,"minecraft:crafting_table":1,"minecraft:leather_chestplate":2,"minecraft:azure_bluet":2,"minecraft:wooden_pickaxe":2,"minecraft:oak_stairs":102,"eternal_tales:granite_dirt":2,"minecraft:oak_log":108,"minecraft:cobblestone_stairs":6,"minecraft:yellow_bed":3,"eternal_tales:raccoon_fur":3,"eternal_tales:andesite_dirt":5,"minecraft:cornflower":1,"minecraft:dirt":1044,"eternal_tales:stress_pills":2,"minecraft:leather_boots":2,"minecraft:apple":4,"minecraft:wheat_seeds":31,"eternal_tales:astrantia":1,"minecraft:bell":2,"eternal_tales:brown_rose":11,"minecraft:iron_ingot":16,"eternal_tales:red_sand_dirt":1,"minecraft:poppy":4,"minecraft:chest":1,"minecraft:oak_planks":143,"eternal_tales:starter_kit":1,"minecraft:egg":2,"minecraft:oak_door":2,"minecraft:composter":2,"minecraft:torch":13,"minecraft:dandelion":1,"eternal_tales:brown_clay_ball":4,"minecraft:white_bed":7,"minecraft:mossy_cobblestone":12,"minecraft:leather_helmet":2,"minecraft:orange_bed":3,"eternal_tales:totem_of_eternal_darkness":4,"minecraft:stone_sword":2,"minecraft:stone_shovel":2,"minecraft:stone_axe":2,"eternal_tales:anthurium":16,"eternal_tales:journal":2,"minecraft:mutton":1,"minecraft:cobblestone":103,"minecraft:white_wool":1,"eternal_tales:heart_et":1,"minecraft:oxeye_daisy":3},"minecraft:used":{"eternal_tales:andesite_dirt":5,"minecraft:water_bucket":17,"minecraft:leather_leggings":1,"minecraft:stone_sword":16,"minecraft:iron_shovel":717,"minecraft:stone_pickaxe":99,"minecraft:oak_planks":158,"minecraft:chest":2,"minecraft:wooden_pickaxe":55,"minecraft:leather_chestplate":3,"minecraft:composter":2,"minecraft:wooden_shovel":180,"minecraft:bell":2,"minecraft:leather_boots":3,"minecraft:oak_door":1,"minecraft:orange_bed":3,"minecraft:torch":9,"minecraft:dirt":614,"minecraft:crafting_table":2,"minecraft:white_bed":7,"minecraft:oak_log":27,"minecraft:wooden_axe":34,"minecraft:iron_axe":232,"minecraft:leather_helmet":1,"eternal_tales:starter_kit":1,"minecraft:stone_axe":126,"minecraft:oak_sapling":2,"minecraft:bucket":18,"tombstone:gift":3,"minecraft:yellow_bed":3,"minecraft:egg":2,"eternal_tales:granite_dirt":1},"minecraft:crafted":{"minecraft:oak_planks":108,"minecraft:wooden_shovel":3,"minecraft:crafting_table":1,"minecraft:wooden_pickaxe":1,"minecraft:bucket":1,"minecraft:stone_axe":1,"minecraft:iron_boots":1,"minecraft:shield":1,"minecraft:iron_axe":1,"minecraft:stick":24,"minecraft:iron_shovel":3,"minecraft:chest":1,"minecraft:stone_pickaxe":1,"minecraft:wooden_axe":1},"minecraft:broken":{"minecraft:iron_shovel":2,"minecraft:wooden_shovel":3,"minecraft:stone_axe":1,"minecraft:wooden_axe":1,"minecraft:wooden_pickaxe":1},"minecraft:killed":{"minecraft:iron_golem":4,"minecraft:sheep":1,"minecraft:zombie":1,"minecraft:villager":1},"minecraft:killed_by":{"minecraft:player":5,"minecraft:skeleton":1,"minecraft:iron_golem":6},"minecraft:custom":{"minecraft:mob_kills":7,"minecraft:interact_with_crafting_table":17,"minecraft:bell_ring":7,"minecraft:leave_game":5,"minecraft:time_since_death":29092,"minecraft:sleep_in_bed":19,"minecraft:time_since_rest":1598,"minecraft:sprint_one_cm":147949,"minecraft:damage_taken":4116,"minecraft:walk_one_cm":930895,"tombstone:sneak_grave":1,"minecraft:drop":19,"minecraft:damage_dealt":5179,"tombstone:undead_killed":1,"minecraft:swim_one_cm":10192,"minecraft:talked_to_villager":1,"minecraft:fly_one_cm":167765,"minecraft:player_kills":3,"minecraft:open_chest":19,"minecraft:crouch_one_cm":13815,"minecraft:play_time":164184,"minecraft:deaths":15,"minecraft:sneak_time":4577,"minecraft:walk_under_water_one_cm":17324,"tombstone:villager_killed":1,"minecraft:jump":2266,"minecraft:walk_on_water_one_cm":22227,"minecraft:total_world_time":164184,"minecraft:fall_one_cm":37139},"minecraft:dropped":{"eternal_tales:anthurium":2,"minecraft:azure_bluet":2,"eternal_tales:raccoon_fur":1,"minecraft:oxeye_daisy":3,"minecraft:poppy":4,"eternal_tales:totem_of_eternal_darkness":2,"minecraft:cornflower":1,"eternal_tales:blueberry_bush":3,"minecraft:mutton":1,"tombstone:grave_dust":2,"eternal_tales:astrantia":1,"eternal_tales:red_sand_dirt":1,"minecraft:white_wool":1,"minecraft:dandelion":1}},"DataVersion":3465}