{"stats":{"minecraft:broken":{"minecraft:golden_helmet":1,"minecraft:iron_shovel":7,"minecraft:wooden_shovel":3,"minecraft:iron_chestplate":1,"minecraft:stone_pickaxe":1,"minecraft:stone_axe":1,"minecraft:wooden_axe":1,"minecraft:wooden_pickaxe":1,"minecraft:shield":2,"minecraft:iron_axe":3,"minecraft:iron_pickaxe":7,"minecraft:iron_helmet":1},"minecraft:crafted":{"minecraft:brick":32,"minecraft:smooth_stone":30,"minecraft:oak_planks":160,"minecraft:cobblestone_slab":24,"minecraft:chain":4,"eternal_tales:flowering_planks":288,"minecraft:stone":326,"minecraft:cobblestone_stairs":232,"minecraft:diamond_shovel":1,"eternal_tales:cobaltarmor_leggings":1,"eternal_tales:cobaltpickaxe":1,"minecraft:iron_boots":1,"minecraft:chest":14,"minecraft:oak_button":5,"eternal_tales:flowering_stairs":8,"minecraft:rail":16,"minecraft:bricks":7,"minecraft:stone_bricks":348,"eternal_tales:cobaltarmor_helmet":1,"minecraft:smoker":2,"minecraft:wooden_shovel":3,"minecraft:crafting_table":1,"minecraft:spruce_planks":420,"minecraft:wooden_pickaxe":1,"minecraft:iron_helmet":1,"eternal_tales:cobaltingot":28,"minecraft:stone_brick_stairs":8,"minecraft:iron_chestplate":1,"minecraft:charcoal":24,"minecraft:shield":2,"minecraft:stick":104,"minecraft:iron_ingot":19,"minecraft:iron_pickaxe":7,"minecraft:iron_block":1,"minecraft:gold_ingot":10,"eternal_tales:double_chain":2,"minecraft:shears":1,"minecraft:oak_door":3,"minecraft:iron_nugget":54,"minecraft:pointed_dripstone":4,"minecraft:furnace":10,"minecraft:blast_furnace":2,"eternal_tales:flowering_slab":6,"minecraft:white_carpet":9,"minecraft:oak_trapdoor":12,"minecraft:flint_and_steel":1,"eternal_tales:rubygem":10,"minecraft:lantern":5,"minecraft:spruce_stairs":28,"minecraft:iron_axe":4,"eternal_tales:petrified_planks":20,"minecraft:iron_hoe":2,"minecraft:spruce_slab":576,"eternal_tales:portable_chest_big":1,"eternal_tales:salt_fish":148,"eternal_tales:petrified_slab":6,"minecraft:stone_pickaxe":1,"minecraft:diamond_boots":1,"minecraft:spruce_boat":1,"eternal_tales:cobalt_shield":1,"eternal_tales:flowering_door":6,"minecraft:minecart":1,"minecraft:cooked_beef":7,"minecraft:diamond_sword":1,"minecraft:powered_rail":6,"minecraft:iron_sword":2,"eternal_tales:gold_shield":1,"minecraft:cooked_salmon":47,"minecraft:bucket":1,"eternal_tales:salt_beef":4,"minecraft:stone_axe":1,"minecraft:air":0,"minecraft:oak_boat":3,"eternal_tales:rubypickaxe":1,"minecraft:gold_nugget":9,"minecraft:wooden_axe":1,"minecraft:iron_shovel":7,"minecraft:iron_leggings":1,"minecraft:white_bed":6,"minecraft:torch":216,"minecraft:diamond_chestplate":1},"minecraft:mined":{"minecraft:white_bed":9,"minecraft:spruce_planks":1,"minecraft:farmland":4,"eternal_tales:red_sand_dirt":1,"minecraft:cobblestone_stairs":33,"minecraft:obsidian":6,"minecraft:granite":1,"minecraft:grass_block":1442,"minecraft:composter":2,"minecraft:oxeye_daisy":4,"minecraft:spawner":3,"minecraft:polished_blackstone_bricks":1,"minecraft:tall_seagrass":1,"minecraft:iron_ore":15,"minecraft:cobbled_deepslate":10,"minecraft:fire":46,"minecraft:deepslate_lapis_ore":4,"minecraft:azure_bluet":2,"minecraft:dirt_path":21,"minecraft:oak_stairs":102,"eternal_tales:brown_rose":2,"eternal_tales:granite_dirt":2,"eternal_tales:latit":32,"eternal_tales:chlorine_ore":16,"eternal_tales:ruby_bud_medium":1,"minecraft:spruce_slab":116,"minecraft:orange_bed":4,"minecraft:deepslate_redstone_ore":25,"eternal_tales:ruby_cluster":10,"minecraft:crimson_nylium":12,"eternal_tales:petrified_log":5,"minecraft:clay":26,"minecraft:torch":14,"minecraft:poppy":1,"minecraft:chest":7,"eternal_tales:ruby_block":12,"eternal_tales:brown_clay":4,"minecraft:cobblestone":106,"minecraft:oak_planks":236,"minecraft:bricks":2,"minecraft:wall_torch":28,"minecraft:nether_wart_block":6,"eternal_tales:vase_et_white":2,"minecraft:stone_brick_stairs":13,"minecraft:grass":72,"minecraft:oak_log":197,"minecraft:dirt":956,"eternal_tales:flowering_log":90,"eternal_tales:flowering_slab":2,"minecraft:netherrack":1,"minecraft:oak_leaves":18,"minecraft:deepslate":962,"eternal_tales:crystalized_glowstone_block":2,"eternal_tales:salt_block":56,"minecraft:tuff":92,"minecraft:mossy_cobblestone":12,"minecraft:deepslate_diamond_ore":14,"minecraft:oak_door":7,"minecraft:glow_lichen":1,"eternal_tales:karst_stone":26,"minecraft:spruce_leaves":36,"eternal_tales:pyroxenite":21,"eternal_tales:flowering_leaves":234,"minecraft:furnace":10,"minecraft:carrots":56,"minecraft:andesite":4,"minecraft:bell":2,"minecraft:shroomlight":5,"minecraft:deepslate_iron_ore":7,"minecraft:lantern":7,"minecraft:stripped_oak_log":1,"eternal_tales:limestone":16,"minecraft:stone":926,"eternal_tales:astrantia":1,"minecraft:glass_pane":6,"minecraft:dandelion":2,"minecraft:crafting_table":3,"minecraft:cornflower":2,"eternal_tales:anthurium":5,"eternal_tales:andesite_dirt":12,"minecraft:copper_ore":5,"minecraft:tall_grass":8,"minecraft:deepslate_gold_ore":28,"minecraft:diorite":67,"minecraft:spruce_stairs":5,"eternal_tales:deepslate_cobalt_ore":59,"minecraft:coarse_dirt":1,"minecraft:spruce_log":162,"minecraft:white_carpet":5,"minecraft:yellow_bed":5,"eternal_tales:blueberry_bush":6,"minecraft:coal_ore":141,"eternal_tales:ruby_bud_large":1,"minecraft:gravel":70,"eternal_tales:livetreepoisontrap":1,"minecraft:stone_bricks":44,"eternal_tales:flowering_planks":47},"minecraft:custom":{"minecraft:interact_with_crafting_table":201,"minecraft:open_barrel":6,"minecraft:bell_ring":7,"minecraft:leave_game":15,"minecraft:time_since_death":15226,"minecraft:sprint_one_cm":2000488,"minecraft:damage_blocked_by_shield":5530,"minecraft:drop":250,"minecraft:talked_to_villager":18,"minecraft:play_time":1015039,"minecraft:deaths":46,"minecraft:jump":12528,"minecraft:walk_on_water_one_cm":88175,"minecraft:interact_with_furnace":117,"minecraft:traded_with_villager":2,"minecraft:sleep_in_bed":78,"tombstone:sneak_grave":1,"minecraft:damage_dealt":42213,"minecraft:player_kills":3,"minecraft:crouch_one_cm":112587,"tombstone:undead_killed":48,"tombstone:villager_killed":1,"minecraft:interact_with_smoker":1,"minecraft:mob_kills":127,"minecraft:climb_one_cm":1642,"minecraft:walk_one_cm":4164340,"minecraft:sneak_time":38724,"minecraft:walk_under_water_one_cm":68309,"minecraft:boat_one_cm":1387554,"minecraft:interact_with_blast_furnace":21,"minecraft:total_world_time":1015039,"tombstone:raider_killed":1,"minecraft:time_since_rest":924,"minecraft:damage_taken":14986,"minecraft:swim_one_cm":81409,"minecraft:fly_one_cm":1811458,"minecraft:open_chest":304,"minecraft:fall_one_cm":208513},"minecraft:used":{"eternal_tales:andesite_dirt":7,"minecraft:iron_shovel":1769,"eternal_tales:flowering_log":18,"minecraft:spruce_slab":698,"minecraft:chest":20,"minecraft:shield":82,"eternal_tales:petrified_slab":4,"minecraft:iron_sword":364,"minecraft:bell":2,"minecraft:rotten_flesh":1,"minecraft:tuff":26,"minecraft:obsidian":10,"minecraft:spruce_boat":4,"minecraft:lava_bucket":3,"minecraft:bricks":2,"minecraft:lantern":12,"minecraft:stone_brick_stairs":20,"minecraft:stone_bricks":377,"minecraft:oak_sapling":17,"minecraft:furnace":16,"minecraft:egg":4,"minecraft:leather_leggings":1,"minecraft:oak_planks":188,"minecraft:stone_pickaxe":113,"eternal_tales:latit":31,"eternal_tales:flowering_stairs":5,"minecraft:wooden_pickaxe":55,"minecraft:composter":2,"minecraft:leather_chestplate":3,"minecraft:blast_furnace":2,"eternal_tales:salt_fish":67,"minecraft:bread":1,"eternal_tales:crystalized_glowstone_block":1,"eternal_tales:starter_kit":1,"eternal_tales:rubypickaxe":631,"minecraft:gravel":27,"minecraft:diamond_sword":134,"minecraft:oak_boat":4,"minecraft:coarse_dirt":1,"eternal_tales:granite_dirt":2,"minecraft:stone_sword":16,"minecraft:flint_and_steel":1,"minecraft:spruce_planks":7,"minecraft:wooden_shovel":180,"minecraft:cooked_salmon":6,"minecraft:netherrack":12,"minecraft:oak_door":14,"minecraft:orange_bed":5,"minecraft:torch":245,"minecraft:dirt":1541,"eternal_tales:cobalt_shield":1,"minecraft:white_carpet":14,"minecraft:spruce_stairs":31,"minecraft:shroomlight":1,"minecraft:iron_hoe":23,"minecraft:wooden_axe":34,"minecraft:iron_axe":928,"minecraft:diamond_chestplate":1,"minecraft:golden_carrot":14,"tombstone:gift":5,"minecraft:cooked_beef":3,"minecraft:cobbled_deepslate":126,"eternal_tales:flowering_slab":6,"minecraft:water_bucket":78,"eternal_tales:cobaltpickaxe":247,"minecraft:cobblestone_stairs":228,"minecraft:leather_boots":3,"eternal_tales:flowering_planks":298,"minecraft:crafting_table":5,"minecraft:white_bed":10,"minecraft:spruce_log":5,"minecraft:smoker":2,"eternal_tales:salt_beef":3,"minecraft:oak_log":148,"minecraft:diamond_pickaxe":12,"minecraft:diamond_shovel":347,"minecraft:iron_pickaxe":1756,"minecraft:leather_helmet":1,"eternal_tales:karst_stone":19,"minecraft:spruce_sapling":7,"minecraft:stone_axe":126,"minecraft:cobblestone":115,"minecraft:bucket":82,"minecraft:yellow_bed":5,"minecraft:stripped_oak_log":2,"eternal_tales:ruby_block":1,"eternal_tales:flowering_door":4},"minecraft:dropped":{"minecraft:iron_sword":1,"minecraft:porkchop":6,"minecraft:oak_log":2,"eternal_tales:flowering_planks":45,"eternal_tales:ectoplasm":6,"eternal_tales:anthurium":19,"minecraft:flint":4,"minecraft:dirt":539,"eternal_tales:totem_of_eternal_darkness":2,"minecraft:ice":2,"minecraft:cornflower":2,"minecraft:mutton":1,"eternal_tales:ruby_block":26,"minecraft:crimson_roots":5,"eternal_tales:andesite_dirt":4,"eternal_tales:red_sand_dirt":1,"minecraft:white_wool":3,"minecraft:bone":1,"minecraft:oak_door":1,"minecraft:gravel":16,"eternal_tales:bronze_coin":13,"minecraft:cobbled_deepslate":393,"minecraft:rotten_flesh":29,"eternal_tales:pyroxenite":24,"minecraft:azure_bluet":2,"eternal_tales:raccoon_fur":3,"eternal_tales:salt_beef":1,"minecraft:poppy":34,"minecraft:leather_chestplate":1,"minecraft:gunpowder":6,"eternal_tales:salt":53,"eternal_tales:granite_dirt":1,"eternal_tales:flowering_slab":1,"eternal_tales:astrantia":13,"minecraft:spruce_slab":85,"minecraft:arrow":3,"eternal_tales:cobaltpickaxe":1,"minecraft:stone_brick_stairs":4,"minecraft:egg":1,"eternal_tales:brown_clay_ball":8,"minecraft:enchanted_book":4,"eternal_tales:crystalized_glowstone_block":1,"eternal_tales:stress_pills":1,"minecraft:cobblestone":9,"minecraft:lead":1,"minecraft:granite":1,"minecraft:spruce_stairs":2,"minecraft:stick":4,"minecraft:oxeye_daisy":3,"eternal_tales:petrified_slab":2,"eternal_tales:brown_rose":13,"eternal_tales:raw_chlorine":38,"minecraft:diorite":129,"tombstone:magic_scroll":2,"minecraft:torch":1,"tombstone:grave_dust":2,"minecraft:iron_leggings":1,"eternal_tales:flowering_door":1,"minecraft:smooth_stone":18,"minecraft:bucket":1,"minecraft:dandelion":1,"minecraft:redstone":64,"minecraft:bricks":7,"eternal_tales:limestone_rock":15,"minecraft:kelp":14,"minecraft:raw_copper":24,"minecraft:tuff":6,"minecraft:raw_iron":2,"minecraft:clay_ball":149,"eternal_tales:salt_fish":79,"minecraft:shears":1,"minecraft:oak_button":4,"eternal_tales:rubygem":7,"minecraft:spruce_planks":7,"eternal_tales:blueberry_bush":6,"minecraft:oak_sapling":1,"minecraft:spider_eye":1,"minecraft:spruce_log":17,"eternal_tales:karst_stone":6,"eternal_tales:petrified_planks":3,"eternal_tales:terra_shard":5,"minecraft:brick":6},"minecraft:killed":{"minecraft:witch":1,"minecraft:spider":9,"minecraft:skeleton":8,"minecraft:piglin":1,"minecraft:pig":1,"eternal_tales:wendigo":2,"minecraft:zombie_villager":1,"minecraft:salmon":20,"minecraft:iron_golem":25,"minecraft:creeper":1,"minecraft:sheep":1,"minecraft:trader_llama":2,"minecraft:zombie":32,"eternal_tales:spirit":1,"eternal_tales:infern":1,"eternal_tales:beast":1,"minecraft:cow":7,"eternal_tales:sunflower_spider":2,"eternal_tales:flea":3,"eternal_tales:flower_zombie":7,"minecraft:villager":1},"minecraft:killed_by":{"eternal_tales:wendigo":1,"minecraft:creeper":4,"minecraft:pillager":1,"eternal_tales:cold_overseer":2,"eternal_tales:infern":7,"eternal_tales:butcher":1,"minecraft:zombie":3,"minecraft:player":5,"minecraft:iron_golem":14,"eternal_tales:flower_zombie":1,"eternal_tales:hell_overseer":1,"minecraft:skeleton":2},"minecraft:picked_up":{"eternal_tales:karst_stone":25,"eternal_tales:blueberry_bush":6,"eternal_tales:flowering_door":1,"minecraft:lead":4,"minecraft:oak_stairs":102,"minecraft:enchanted_book":7,"minecraft:stone_brick_stairs":20,"minecraft:string":6,"minecraft:raw_copper":36,"minecraft:cooked_salmon":84,"eternal_tales:stress_pills":3,"minecraft:shroomlight":5,"minecraft:smooth_stone":27,"minecraft:cobbled_deepslate":1191,"minecraft:bucket":1,"minecraft:spruce_planks":1,"eternal_tales:red_sand_dirt":1,"eternal_tales:starter_kit":1,"minecraft:furnace":10,"minecraft:golden_helmet":1,"minecraft:stick":24,"minecraft:composter":3,"eternal_tales:latit":32,"minecraft:torch":55,"minecraft:spruce_stairs":9,"minecraft:porkchop":8,"tombstone:grave_dust":4,"minecraft:diorite":129,"minecraft:orange_bed":5,"eternal_tales:totem_of_eternal_darkness":4,"minecraft:stone_sword":2,"minecraft:rotten_flesh":46,"minecraft:obsidian":6,"minecraft:cobblestone":1005,"minecraft:leather_chestplate":3,"minecraft:flint":5,"minecraft:tuff":86,"eternal_tales:tea_seeds":2,"eternal_tales:andesite_dirt":11,"minecraft:lapis_lazuli":32,"minecraft:dirt":2984,"minecraft:lantern":7,"minecraft:leather_boots":2,"minecraft:bone":3,"eternal_tales:ruby_spear":3,"minecraft:wheat_seeds":53,"minecraft:raw_gold":30,"minecraft:bell":2,"minecraft:oak_planks":245,"eternal_tales:rubygem":14,"eternal_tales:crystalized_glowstone_block":2,"minecraft:mossy_cobblestone":12,"minecraft:bundle":1,"eternal_tales:ectoplasm":6,"minecraft:diamond":16,"minecraft:spruce_boat":3,"eternal_tales:terra_shard":6,"eternal_tales:anthurium":20,"minecraft:granite":1,"minecraft:oak_sapling":16,"minecraft:netherrack":12,"minecraft:bricks":16,"eternal_tales:raw_chlorine":38,"minecraft:crimson_roots":7,"minecraft:coarse_dirt":1,"minecraft:crafting_table":4,"minecraft:azure_bluet":2,"minecraft:clay_ball":336,"minecraft:wooden_pickaxe":2,"eternal_tales:destroyer_eye":7,"eternal_tales:granite_dirt":3,"minecraft:brick":2,"eternal_tales:raccoon_fur":5,"minecraft:cornflower":2,"eternal_tales:cobaltpickaxe":1,"eternal_tales:flowering_planks":126,"minecraft:white_carpet":6,"eternal_tales:astrantia":13,"eternal_tales:raw_cobalt":58,"minecraft:beef":13,"minecraft:oak_boat":1,"eternal_tales:limestone_rock":15,"minecraft:poppy":35,"minecraft:spruce_slab":226,"minecraft:chest":8,"minecraft:egg":5,"minecraft:raw_iron":25,"minecraft:oak_door":13,"eternal_tales:petrified_log":5,"minecraft:polished_blackstone_bricks":1,"eternal_tales:brown_clay_ball":24,"minecraft:carrot":166,"minecraft:redstone":180,"eternal_tales:salt_fish":49,"minecraft:arrow":6,"minecraft:stone_shovel":2,"eternal_tales:pyroxenite":45,"minecraft:shears":1,"eternal_tales:journal":2,"minecraft:gold_ingot":11,"minecraft:mutton":1,"minecraft:white_wool":29,"eternal_tales:heart_et":1,"minecraft:oxeye_daisy":3,"minecraft:stripped_oak_log":2,"eternal_tales:ancienzyte_bolt":27,"minecraft:salmon":55,"minecraft:leather":5,"minecraft:ice":6,"minecraft:oak_log":197,"minecraft:yellow_bed":5,"minecraft:nether_wart_block":4,"minecraft:gunpowder":7,"minecraft:cobblestone_stairs":33,"minecraft:apple":21,"minecraft:stone_bricks":45,"minecraft:kelp":14,"minecraft:iron_ingot":94,"eternal_tales:brown_rose":13,"eternal_tales:flowering_slab":2,"eternal_tales:salt":254,"minecraft:dandelion":1,"minecraft:gravel":43,"minecraft:spruce_sapling":7,"eternal_tales:ruby_shard":40,"minecraft:white_bed":9,"minecraft:spruce_log":192,"minecraft:spider_eye":3,"minecraft:leather_helmet":2,"eternal_tales:flowering_log":90,"eternal_tales:bronze_coin":26,"eternal_tales:ruby_block":49,"eternal_tales:fear_textbook":1,"minecraft:stone_axe":2,"eternal_tales:star_lord_emblem":1,"tombstone:magic_scroll":2,"minecraft:coal":147}},"DataVersion":3465}