{"stats":{"minecraft:mined":{"eternal_tales:salt_block":49,"minecraft:farmland":4,"minecraft:white_bed":7,"minecraft:spruce_planks":1,"eternal_tales:red_sand_dirt":1,"minecraft:mossy_cobblestone":12,"minecraft:oak_door":5,"minecraft:cobblestone_stairs":29,"eternal_tales:karst_stone":7,"minecraft:grass_block":1298,"minecraft:spruce_leaves":23,"minecraft:composter":2,"eternal_tales:flowering_leaves":234,"minecraft:oxeye_daisy":4,"minecraft:furnace":10,"minecraft:iron_ore":13,"minecraft:azure_bluet":2,"minecraft:bell":2,"minecraft:dirt_path":21,"eternal_tales:brown_rose":2,"minecraft:oak_stairs":102,"minecraft:lantern":7,"eternal_tales:granite_dirt":2,"eternal_tales:chlorine_ore":16,"eternal_tales:limestone":14,"minecraft:stone":775,"eternal_tales:astrantia":1,"minecraft:spruce_slab":112,"minecraft:orange_bed":4,"minecraft:glass_pane":6,"minecraft:dandelion":2,"minecraft:clay":26,"minecraft:cornflower":2,"minecraft:torch":8,"minecraft:crafting_table":3,"eternal_tales:anthurium":5,"minecraft:poppy":1,"minecraft:chest":7,"minecraft:copper_ore":3,"minecraft:tall_grass":6,"eternal_tales:brown_clay":4,"eternal_tales:andesite_dirt":12,"minecraft:cobblestone":106,"minecraft:oak_planks":231,"minecraft:bricks":2,"minecraft:diorite":67,"minecraft:wall_torch":18,"minecraft:spruce_stairs":5,"minecraft:spruce_log":119,"minecraft:white_carpet":5,"minecraft:yellow_bed":3,"minecraft:stone_brick_stairs":12,"minecraft:grass":62,"eternal_tales:blueberry_bush":3,"minecraft:coal_ore":129,"minecraft:oak_log":175,"minecraft:gravel":19,"minecraft:dirt":722,"eternal_tales:flowering_log":90,"minecraft:stone_bricks":29,"eternal_tales:flowering_slab":1,"minecraft:oak_leaves":16,"eternal_tales:flowering_planks":33},"minecraft:picked_up":{"eternal_tales:karst_stone":6,"eternal_tales:blueberry_bush":3,"minecraft:crafting_table":4,"minecraft:azure_bluet":2,"minecraft:clay_ball":147,"eternal_tales:flowering_door":1,"minecraft:lead":2,"minecraft:wooden_pickaxe":2,"minecraft:oak_stairs":102,"minecraft:enchanted_book":1,"minecraft:stone_brick_stairs":12,"eternal_tales:granite_dirt":3,"minecraft:brick":2,"eternal_tales:raccoon_fur":3,"minecraft:cornflower":2,"minecraft:cooked_salmon":84,"minecraft:raw_copper":9,"eternal_tales:stress_pills":2,"eternal_tales:flowering_planks":33,"minecraft:white_carpet":5,"eternal_tales:astrantia":9,"minecraft:spruce_planks":1,"eternal_tales:red_sand_dirt":1,"eternal_tales:limestone_rock":14,"minecraft:poppy":24,"minecraft:spruce_slab":135,"minecraft:chest":7,"eternal_tales:starter_kit":1,"minecraft:furnace":10,"minecraft:egg":2,"minecraft:stick":18,"minecraft:raw_iron":13,"minecraft:oak_door":8,"minecraft:composter":3,"minecraft:torch":34,"minecraft:spruce_stairs":5,"minecraft:porkchop":2,"eternal_tales:brown_clay_ball":16,"minecraft:diorite":129,"minecraft:orange_bed":5,"eternal_tales:salt_fish":32,"eternal_tales:totem_of_eternal_darkness":4,"minecraft:stone_sword":2,"minecraft:arrow":3,"minecraft:stone_shovel":2,"minecraft:rotten_flesh":23,"eternal_tales:pyroxenite":5,"eternal_tales:journal":2,"minecraft:mutton":1,"eternal_tales:heart_et":1,"minecraft:white_wool":8,"minecraft:cobblestone":865,"minecraft:oxeye_daisy":3,"minecraft:leather_chestplate":3,"minecraft:salmon":49,"minecraft:oak_log":175,"eternal_tales:andesite_dirt":11,"minecraft:yellow_bed":3,"minecraft:gunpowder":6,"minecraft:cobblestone_stairs":29,"minecraft:dirt":1875,"minecraft:lantern":7,"minecraft:leather_boots":2,"minecraft:apple":6,"minecraft:stone_bricks":28,"eternal_tales:ruby_spear":3,"minecraft:wheat_seeds":48,"minecraft:iron_ingot":68,"minecraft:bell":2,"eternal_tales:brown_rose":12,"eternal_tales:flowering_slab":1,"eternal_tales:salt":196,"minecraft:oak_planks":223,"minecraft:dandelion":1,"minecraft:gravel":15,"minecraft:spruce_sapling":7,"minecraft:white_bed":7,"minecraft:spruce_log":117,"minecraft:mossy_cobblestone":12,"minecraft:leather_helmet":2,"eternal_tales:flowering_log":90,"eternal_tales:bronze_coin":7,"eternal_tales:ectoplasm":6,"minecraft:stone_axe":2,"eternal_tales:terra_shard":4,"eternal_tales:anthurium":20,"tombstone:magic_scroll":2,"minecraft:oak_sapling":11,"minecraft:coal":135,"minecraft:bricks":2,"eternal_tales:raw_chlorine":38},"minecraft:used":{"eternal_tales:andesite_dirt":7,"minecraft:stone_sword":16,"minecraft:iron_shovel":1735,"eternal_tales:flowering_log":4,"minecraft:spruce_slab":602,"minecraft:chest":16,"minecraft:spruce_planks":2,"minecraft:shield":42,"minecraft:iron_sword":211,"minecraft:cooked_salmon":6,"minecraft:wooden_shovel":180,"minecraft:orange_bed":5,"minecraft:bell":2,"minecraft:oak_door":9,"minecraft:torch":62,"minecraft:dirt":1259,"minecraft:white_carpet":14,"minecraft:spruce_stairs":19,"minecraft:iron_hoe":23,"minecraft:wooden_axe":34,"minecraft:bricks":2,"minecraft:lantern":12,"minecraft:iron_axe":818,"minecraft:stone_brick_stairs":16,"minecraft:stone_bricks":348,"minecraft:oak_sapling":12,"minecraft:furnace":16,"tombstone:gift":5,"minecraft:egg":2,"minecraft:cooked_beef":3,"minecraft:water_bucket":57,"eternal_tales:flowering_slab":4,"minecraft:leather_leggings":1,"minecraft:cobblestone_stairs":76,"minecraft:stone_pickaxe":113,"minecraft:oak_planks":171,"eternal_tales:flowering_stairs":5,"minecraft:wooden_pickaxe":55,"minecraft:composter":2,"minecraft:leather_chestplate":3,"minecraft:leather_boots":3,"minecraft:blast_furnace":2,"eternal_tales:flowering_planks":254,"minecraft:crafting_table":5,"minecraft:white_bed":7,"minecraft:smoker":2,"minecraft:spruce_log":5,"eternal_tales:salt_beef":3,"eternal_tales:salt_fish":18,"minecraft:oak_log":141,"minecraft:iron_pickaxe":1096,"eternal_tales:starter_kit":1,"minecraft:leather_helmet":1,"minecraft:stone_axe":126,"minecraft:gravel":15,"minecraft:spruce_sapling":7,"minecraft:cobblestone":64,"minecraft:bucket":58,"minecraft:yellow_bed":3,"minecraft:oak_boat":1,"eternal_tales:flowering_door":4,"eternal_tales:granite_dirt":2},"minecraft:crafted":{"minecraft:brick":32,"minecraft:oak_door":3,"minecraft:smooth_stone":15,"minecraft:oak_planks":108,"minecraft:cobblestone_slab":24,"minecraft:iron_nugget":45,"minecraft:pointed_dripstone":4,"eternal_tales:flowering_planks":288,"minecraft:furnace":10,"minecraft:blast_furnace":2,"eternal_tales:flowering_slab":4,"minecraft:cobblestone_stairs":84,"minecraft:stone":310,"minecraft:white_carpet":9,"minecraft:lantern":5,"minecraft:spruce_stairs":16,"minecraft:iron_boots":1,"minecraft:iron_axe":4,"minecraft:iron_hoe":1,"minecraft:spruce_slab":546,"eternal_tales:salt_fish":141,"minecraft:stone_pickaxe":1,"minecraft:chest":9,"minecraft:oak_button":4,"eternal_tales:flowering_stairs":8,"minecraft:rail":16,"minecraft:bricks":7,"minecraft:stone_bricks":332,"eternal_tales:flowering_door":6,"minecraft:smoker":2,"minecraft:cooked_beef":7,"minecraft:wooden_shovel":3,"minecraft:crafting_table":1,"minecraft:spruce_planks":340,"minecraft:wooden_pickaxe":1,"minecraft:iron_helmet":1,"minecraft:iron_sword":1,"minecraft:cooked_salmon":41,"minecraft:bucket":1,"eternal_tales:salt_beef":4,"minecraft:stone_axe":1,"minecraft:air":0,"minecraft:oak_boat":1,"minecraft:stone_brick_stairs":8,"minecraft:iron_chestplate":1,"minecraft:shield":1,"minecraft:stick":64,"minecraft:iron_ingot":13,"minecraft:iron_pickaxe":5,"minecraft:wooden_axe":1,"minecraft:iron_shovel":7,"minecraft:iron_leggings":1,"minecraft:torch":40,"minecraft:shears":1},"minecraft:broken":{"minecraft:iron_shovel":6,"minecraft:wooden_shovel":3,"minecraft:wooden_pickaxe":1,"minecraft:stone_pickaxe":1,"minecraft:iron_axe":3,"minecraft:stone_axe":1,"minecraft:iron_pickaxe":3,"minecraft:wooden_axe":1},"minecraft:killed":{"eternal_tales:sunflower_spider":1,"minecraft:witch":1,"minecraft:spider":1,"minecraft:skeleton":1,"minecraft:pig":1,"minecraft:zombie_villager":1,"minecraft:salmon":14,"minecraft:iron_golem":18,"eternal_tales:flea":1,"minecraft:creeper":1,"eternal_tales:flower_zombie":6,"minecraft:sheep":1,"minecraft:trader_llama":2,"minecraft:zombie":6,"eternal_tales:spirit":1,"minecraft:villager":1},"minecraft:killed_by":{"minecraft:player":5,"minecraft:creeper":1,"minecraft:pillager":1,"minecraft:iron_golem":13,"eternal_tales:cold_overseer":2,"eternal_tales:flower_zombie":1,"minecraft:skeleton":2,"minecraft:zombie":2},"minecraft:custom":{"minecraft:mob_kills":57,"minecraft:interact_with_crafting_table":125,"minecraft:open_barrel":6,"minecraft:bell_ring":7,"minecraft:leave_game":9,"minecraft:time_since_death":5135,"minecraft:sprint_one_cm":961354,"minecraft:walk_one_cm":2732145,"minecraft:damage_blocked_by_shield":2049,"minecraft:drop":84,"minecraft:talked_to_villager":14,"minecraft:play_time":563865,"minecraft:deaths":30,"minecraft:sneak_time":24621,"minecraft:walk_under_water_one_cm":37307,"minecraft:boat_one_cm":13818,"minecraft:jump":7310,"minecraft:walk_on_water_one_cm":46848,"minecraft:total_world_time":563865,"minecraft:interact_with_furnace":92,"tombstone:raider_killed":1,"minecraft:traded_with_villager":2,"minecraft:sleep_in_bed":51,"minecraft:time_since_rest":4685,"minecraft:damage_taken":8819,"tombstone:sneak_grave":1,"minecraft:damage_dealt":23901,"minecraft:player_kills":3,"minecraft:swim_one_cm":56343,"minecraft:fly_one_cm":1029392,"minecraft:open_chest":128,"minecraft:crouch_one_cm":73610,"tombstone:undead_killed":14,"tombstone:villager_killed":1,"minecraft:fall_one_cm":124202},"minecraft:dropped":{"eternal_tales:brown_clay_ball":8,"minecraft:lead":1,"minecraft:cobblestone":4,"eternal_tales:ectoplasm":6,"eternal_tales:anthurium":19,"minecraft:oxeye_daisy":3,"minecraft:dirt":24,"eternal_tales:brown_rose":11,"eternal_tales:totem_of_eternal_darkness":2,"eternal_tales:raw_chlorine":35,"minecraft:diorite":129,"tombstone:magic_scroll":2,"minecraft:cornflower":2,"minecraft:mutton":1,"eternal_tales:andesite_dirt":4,"tombstone:grave_dust":2,"eternal_tales:red_sand_dirt":1,"eternal_tales:flowering_door":1,"minecraft:white_wool":2,"minecraft:dandelion":1,"minecraft:oak_door":1,"eternal_tales:bronze_coin":5,"minecraft:rotten_flesh":22,"minecraft:clay_ball":7,"eternal_tales:pyroxenite":5,"eternal_tales:salt_fish":30,"minecraft:azure_bluet":2,"eternal_tales:raccoon_fur":1,"eternal_tales:salt_beef":1,"minecraft:poppy":23,"minecraft:leather_chestplate":1,"minecraft:oak_button":4,"minecraft:gunpowder":6,"eternal_tales:blueberry_bush":3,"eternal_tales:granite_dirt":1,"minecraft:oak_sapling":1,"eternal_tales:astrantia":5,"minecraft:arrow":3,"eternal_tales:terra_shard":3,"minecraft:brick":2}},"DataVersion":3465}