{"stats":{"minecraft:mined":{"minecraft:spruce_planks":1,"minecraft:white_bed":7,"eternal_tales:red_sand_dirt":1,"minecraft:farmland":4,"minecraft:cobblestone_stairs":29,"minecraft:granite":1,"minecraft:grass_block":1298,"minecraft:composter":2,"minecraft:oxeye_daisy":4,"minecraft:iron_ore":15,"minecraft:azure_bluet":2,"minecraft:dirt_path":21,"minecraft:oak_stairs":102,"eternal_tales:brown_rose":2,"eternal_tales:granite_dirt":2,"eternal_tales:latit":2,"eternal_tales:chlorine_ore":16,"minecraft:spruce_slab":112,"minecraft:orange_bed":4,"eternal_tales:petrified_log":5,"minecraft:clay":26,"minecraft:torch":8,"minecraft:poppy":1,"minecraft:chest":7,"eternal_tales:brown_clay":4,"minecraft:cobblestone":106,"minecraft:oak_planks":231,"minecraft:bricks":2,"minecraft:wall_torch":20,"minecraft:stone_brick_stairs":12,"minecraft:grass":62,"minecraft:oak_log":175,"minecraft:dirt":754,"eternal_tales:flowering_log":90,"eternal_tales:flowering_slab":1,"minecraft:oak_leaves":16,"minecraft:deepslate":118,"eternal_tales:salt_block":56,"minecraft:mossy_cobblestone":12,"minecraft:oak_door":5,"eternal_tales:karst_stone":7,"minecraft:spruce_leaves":23,"eternal_tales:pyroxenite":10,"eternal_tales:flowering_leaves":234,"minecraft:furnace":10,"minecraft:andesite":4,"minecraft:bell":2,"minecraft:lantern":7,"eternal_tales:limestone":15,"minecraft:stone":919,"eternal_tales:astrantia":1,"minecraft:glass_pane":6,"minecraft:dandelion":2,"minecraft:crafting_table":3,"minecraft:cornflower":2,"eternal_tales:anthurium":5,"eternal_tales:andesite_dirt":12,"minecraft:tall_grass":6,"minecraft:copper_ore":3,"minecraft:diorite":67,"minecraft:spruce_stairs":5,"minecraft:white_carpet":5,"minecraft:spruce_log":119,"minecraft:yellow_bed":3,"eternal_tales:blueberry_bush":3,"minecraft:coal_ore":134,"minecraft:gravel":19,"minecraft:stone_bricks":29,"eternal_tales:flowering_planks":33},"minecraft:picked_up":{"eternal_tales:karst_stone":6,"eternal_tales:blueberry_bush":3,"eternal_tales:flowering_door":1,"minecraft:lead":2,"minecraft:oak_stairs":102,"minecraft:enchanted_book":1,"minecraft:stone_brick_stairs":12,"minecraft:raw_copper":9,"minecraft:cooked_salmon":84,"eternal_tales:stress_pills":2,"minecraft:cobbled_deepslate":51,"minecraft:spruce_planks":1,"eternal_tales:red_sand_dirt":1,"eternal_tales:starter_kit":1,"minecraft:furnace":10,"minecraft:stick":18,"minecraft:composter":3,"minecraft:torch":37,"eternal_tales:latit":2,"minecraft:spruce_stairs":5,"minecraft:porkchop":2,"minecraft:diorite":129,"minecraft:orange_bed":5,"eternal_tales:totem_of_eternal_darkness":4,"minecraft:stone_sword":2,"minecraft:rotten_flesh":24,"minecraft:cobblestone":1002,"minecraft:leather_chestplate":3,"eternal_tales:andesite_dirt":11,"minecraft:lantern":7,"minecraft:dirt":1906,"minecraft:leather_boots":2,"eternal_tales:ruby_spear":3,"minecraft:wheat_seeds":48,"minecraft:bell":2,"minecraft:oak_planks":223,"minecraft:mossy_cobblestone":12,"eternal_tales:ectoplasm":6,"eternal_tales:terra_shard":4,"eternal_tales:anthurium":20,"minecraft:granite":1,"minecraft:oak_sapling":11,"minecraft:bricks":2,"eternal_tales:raw_chlorine":38,"minecraft:crafting_table":4,"minecraft:azure_bluet":2,"minecraft:clay_ball":147,"minecraft:wooden_pickaxe":2,"eternal_tales:granite_dirt":3,"minecraft:brick":2,"eternal_tales:raccoon_fur":3,"minecraft:cornflower":2,"minecraft:white_carpet":5,"eternal_tales:flowering_planks":33,"eternal_tales:astrantia":13,"eternal_tales:limestone_rock":15,"minecraft:poppy":30,"minecraft:spruce_slab":135,"minecraft:chest":7,"minecraft:egg":2,"minecraft:raw_iron":15,"minecraft:oak_door":8,"eternal_tales:petrified_log":5,"eternal_tales:brown_clay_ball":16,"eternal_tales:salt_fish":32,"minecraft:arrow":3,"minecraft:stone_shovel":2,"eternal_tales:pyroxenite":15,"eternal_tales:journal":2,"minecraft:mutton":1,"minecraft:white_wool":8,"eternal_tales:heart_et":1,"minecraft:oxeye_daisy":3,"minecraft:salmon":49,"minecraft:ice":1,"minecraft:oak_log":175,"minecraft:yellow_bed":3,"minecraft:gunpowder":6,"minecraft:cobblestone_stairs":29,"minecraft:apple":6,"minecraft:stone_bricks":28,"eternal_tales:brown_rose":13,"minecraft:iron_ingot":72,"eternal_tales:flowering_slab":1,"eternal_tales:salt":224,"minecraft:dandelion":1,"minecraft:gravel":15,"minecraft:spruce_sapling":7,"minecraft:white_bed":7,"minecraft:spruce_log":117,"minecraft:leather_helmet":2,"eternal_tales:flowering_log":90,"eternal_tales:bronze_coin":7,"minecraft:stone_axe":2,"tombstone:magic_scroll":2,"minecraft:coal":140},"minecraft:used":{"eternal_tales:andesite_dirt":7,"minecraft:iron_shovel":1769,"eternal_tales:flowering_log":4,"minecraft:spruce_slab":602,"minecraft:chest":16,"minecraft:shield":47,"minecraft:iron_sword":234,"minecraft:bell":2,"minecraft:bricks":2,"minecraft:lantern":12,"minecraft:stone_brick_stairs":16,"minecraft:stone_bricks":348,"minecraft:furnace":16,"minecraft:oak_sapling":12,"minecraft:egg":2,"minecraft:leather_leggings":1,"minecraft:stone_pickaxe":113,"minecraft:oak_planks":171,"eternal_tales:flowering_stairs":5,"minecraft:leather_chestplate":3,"minecraft:wooden_pickaxe":55,"minecraft:composter":2,"minecraft:blast_furnace":2,"eternal_tales:salt_fish":19,"eternal_tales:starter_kit":1,"minecraft:gravel":15,"minecraft:oak_boat":1,"eternal_tales:granite_dirt":2,"minecraft:stone_sword":16,"minecraft:spruce_planks":2,"minecraft:wooden_shovel":180,"minecraft:cooked_salmon":6,"minecraft:oak_door":9,"minecraft:orange_bed":5,"minecraft:torch":105,"minecraft:dirt":1301,"minecraft:white_carpet":14,"minecraft:spruce_stairs":19,"minecraft:iron_hoe":23,"minecraft:wooden_axe":34,"minecraft:iron_axe":823,"tombstone:gift":5,"minecraft:cooked_beef":3,"minecraft:water_bucket":58,"eternal_tales:flowering_slab":4,"minecraft:cobblestone_stairs":76,"minecraft:leather_boots":3,"eternal_tales:flowering_planks":254,"minecraft:crafting_table":5,"minecraft:white_bed":7,"minecraft:spruce_log":5,"minecraft:smoker":2,"eternal_tales:salt_beef":3,"minecraft:oak_log":141,"minecraft:iron_pickaxe":1385,"minecraft:leather_helmet":1,"minecraft:spruce_sapling":7,"minecraft:stone_axe":126,"minecraft:cobblestone":111,"minecraft:bucket":58,"minecraft:yellow_bed":3,"eternal_tales:flowering_door":4},"minecraft:crafted":{"minecraft:brick":32,"minecraft:oak_planks":108,"minecraft:smooth_stone":15,"minecraft:cobblestone_slab":24,"eternal_tales:flowering_planks":288,"minecraft:stone":310,"minecraft:cobblestone_stairs":84,"minecraft:iron_boots":1,"minecraft:chest":9,"eternal_tales:flowering_stairs":8,"minecraft:oak_button":4,"minecraft:rail":16,"minecraft:bricks":7,"minecraft:stone_bricks":332,"minecraft:smoker":2,"minecraft:wooden_shovel":3,"minecraft:crafting_table":1,"minecraft:spruce_planks":348,"minecraft:wooden_pickaxe":1,"minecraft:iron_helmet":1,"minecraft:stone_brick_stairs":8,"minecraft:iron_chestplate":1,"minecraft:shield":1,"minecraft:stick":80,"minecraft:iron_pickaxe":6,"minecraft:iron_ingot":13,"minecraft:shears":1,"minecraft:oak_door":3,"minecraft:iron_nugget":45,"minecraft:pointed_dripstone":4,"minecraft:furnace":10,"minecraft:blast_furnace":2,"eternal_tales:flowering_slab":4,"minecraft:white_carpet":9,"minecraft:lantern":5,"minecraft:spruce_stairs":16,"minecraft:iron_axe":4,"minecraft:spruce_slab":546,"minecraft:iron_hoe":1,"eternal_tales:salt_fish":141,"minecraft:stone_pickaxe":1,"eternal_tales:flowering_door":6,"minecraft:cooked_beef":7,"minecraft:iron_sword":2,"minecraft:cooked_salmon":41,"minecraft:bucket":1,"eternal_tales:salt_beef":4,"minecraft:stone_axe":1,"minecraft:air":0,"minecraft:oak_boat":1,"minecraft:wooden_axe":1,"minecraft:iron_shovel":7,"minecraft:iron_leggings":1,"minecraft:torch":100},"minecraft:broken":{"minecraft:iron_shovel":7,"minecraft:wooden_shovel":3,"minecraft:stone_pickaxe":1,"minecraft:stone_axe":1,"minecraft:wooden_axe":1,"minecraft:wooden_pickaxe":1,"minecraft:iron_axe":3,"minecraft:iron_pickaxe":5},"minecraft:killed":{"minecraft:witch":1,"minecraft:spider":1,"minecraft:skeleton":1,"minecraft:pig":1,"eternal_tales:wendigo":1,"minecraft:zombie_villager":1,"minecraft:salmon":14,"minecraft:iron_golem":19,"minecraft:creeper":1,"minecraft:sheep":1,"minecraft:trader_llama":2,"minecraft:zombie":7,"eternal_tales:spirit":1,"eternal_tales:sunflower_spider":1,"eternal_tales:flea":1,"eternal_tales:flower_zombie":6,"minecraft:villager":1},"minecraft:killed_by":{"minecraft:creeper":1,"minecraft:pillager":1,"eternal_tales:cold_overseer":2,"minecraft:zombie":2,"minecraft:player":5,"minecraft:iron_golem":13,"eternal_tales:flower_zombie":1,"minecraft:skeleton":2},"minecraft:custom":{"minecraft:interact_with_crafting_table":127,"minecraft:open_barrel":6,"minecraft:bell_ring":7,"minecraft:leave_game":9,"minecraft:time_since_death":29135,"minecraft:sprint_one_cm":987950,"minecraft:damage_blocked_by_shield":2184,"minecraft:drop":93,"minecraft:talked_to_villager":14,"minecraft:play_time":587865,"minecraft:deaths":30,"minecraft:jump":7569,"minecraft:walk_on_water_one_cm":58594,"minecraft:interact_with_furnace":92,"minecraft:traded_with_villager":2,"minecraft:sleep_in_bed":52,"tombstone:sneak_grave":1,"minecraft:damage_dealt":25240,"minecraft:player_kills":3,"minecraft:crouch_one_cm":75538,"tombstone:undead_killed":15,"tombstone:villager_killed":1,"minecraft:mob_kills":60,"minecraft:walk_one_cm":2802039,"minecraft:sneak_time":25676,"minecraft:walk_under_water_one_cm":49489,"minecraft:boat_one_cm":13818,"minecraft:total_world_time":587865,"tombstone:raider_killed":1,"minecraft:time_since_rest":12418,"minecraft:damage_taken":8903,"minecraft:swim_one_cm":59682,"minecraft:fly_one_cm":1051978,"minecraft:open_chest":134,"minecraft:fall_one_cm":126877},"minecraft:dropped":{"eternal_tales:ectoplasm":6,"eternal_tales:anthurium":19,"minecraft:dirt":24,"eternal_tales:totem_of_eternal_darkness":2,"minecraft:cornflower":2,"minecraft:mutton":1,"eternal_tales:andesite_dirt":4,"eternal_tales:red_sand_dirt":1,"minecraft:white_wool":2,"minecraft:oak_door":1,"minecraft:cobbled_deepslate":51,"eternal_tales:bronze_coin":5,"minecraft:rotten_flesh":22,"eternal_tales:pyroxenite":5,"minecraft:azure_bluet":2,"eternal_tales:raccoon_fur":1,"eternal_tales:salt_beef":1,"minecraft:poppy":31,"minecraft:leather_chestplate":1,"minecraft:gunpowder":6,"eternal_tales:granite_dirt":1,"eternal_tales:astrantia":13,"minecraft:arrow":3,"eternal_tales:brown_clay_ball":8,"minecraft:cobblestone":4,"minecraft:lead":1,"minecraft:oxeye_daisy":3,"eternal_tales:brown_rose":13,"eternal_tales:raw_chlorine":35,"minecraft:diorite":129,"tombstone:magic_scroll":2,"tombstone:grave_dust":2,"eternal_tales:flowering_door":1,"minecraft:dandelion":1,"minecraft:clay_ball":7,"eternal_tales:salt_fish":30,"minecraft:oak_button":4,"eternal_tales:blueberry_bush":3,"minecraft:oak_sapling":1,"eternal_tales:karst_stone":6,"eternal_tales:terra_shard":3,"minecraft:brick":2}},"DataVersion":3465}