{"stats":{"minecraft:mined":{"eternal_tales:salt_block":47,"minecraft:white_bed":7,"minecraft:spruce_planks":1,"eternal_tales:red_sand_dirt":1,"minecraft:mossy_cobblestone":12,"minecraft:oak_door":5,"minecraft:cobblestone_stairs":29,"eternal_tales:karst_stone":1,"minecraft:grass_block":1166,"minecraft:spruce_leaves":23,"minecraft:composter":2,"minecraft:oxeye_daisy":4,"eternal_tales:flowering_leaves":234,"minecraft:iron_ore":13,"minecraft:azure_bluet":2,"minecraft:bell":2,"minecraft:lantern":6,"minecraft:oak_stairs":102,"eternal_tales:brown_rose":2,"eternal_tales:granite_dirt":2,"eternal_tales:chlorine_ore":15,"minecraft:stone":679,"eternal_tales:astrantia":1,"minecraft:spruce_slab":112,"minecraft:orange_bed":3,"minecraft:glass_pane":6,"minecraft:dandelion":2,"minecraft:clay":26,"minecraft:cornflower":2,"minecraft:crafting_table":1,"minecraft:torch":8,"eternal_tales:anthurium":4,"minecraft:poppy":1,"minecraft:chest":1,"minecraft:copper_ore":3,"minecraft:tall_grass":6,"eternal_tales:andesite_dirt":12,"eternal_tales:brown_clay":4,"minecraft:cobblestone":103,"minecraft:oak_planks":231,"minecraft:bricks":2,"minecraft:diorite":67,"minecraft:wall_torch":10,"minecraft:spruce_stairs":5,"minecraft:white_carpet":5,"minecraft:spruce_log":119,"minecraft:yellow_bed":3,"minecraft:stone_brick_stairs":8,"minecraft:grass":54,"eternal_tales:blueberry_bush":3,"minecraft:coal_ore":113,"minecraft:oak_log":175,"minecraft:gravel":19,"minecraft:dirt":625,"eternal_tales:flowering_log":90,"minecraft:stone_bricks":6,"eternal_tales:flowering_slab":1,"minecraft:oak_leaves":16,"eternal_tales:flowering_planks":30},"minecraft:picked_up":{"eternal_tales:blueberry_bush":3,"minecraft:crafting_table":1,"minecraft:azure_bluet":2,"minecraft:clay_ball":100,"eternal_tales:flowering_door":1,"minecraft:lead":2,"minecraft:wooden_pickaxe":2,"minecraft:oak_stairs":102,"minecraft:enchanted_book":1,"minecraft:stone_brick_stairs":8,"eternal_tales:granite_dirt":3,"minecraft:brick":2,"eternal_tales:raccoon_fur":3,"minecraft:white_carpet":5,"minecraft:cornflower":2,"minecraft:raw_copper":9,"minecraft:cooked_salmon":84,"eternal_tales:stress_pills":2,"eternal_tales:flowering_planks":30,"eternal_tales:astrantia":1,"minecraft:spruce_planks":1,"eternal_tales:red_sand_dirt":1,"minecraft:poppy":21,"minecraft:spruce_slab":135,"minecraft:chest":1,"eternal_tales:starter_kit":1,"minecraft:egg":2,"minecraft:stick":18,"minecraft:raw_iron":13,"minecraft:oak_door":8,"minecraft:composter":3,"minecraft:torch":25,"minecraft:spruce_stairs":5,"minecraft:porkchop":2,"eternal_tales:brown_clay_ball":16,"minecraft:diorite":65,"minecraft:orange_bed":3,"eternal_tales:totem_of_eternal_darkness":4,"minecraft:stone_sword":2,"minecraft:arrow":3,"minecraft:stone_shovel":2,"minecraft:rotten_flesh":22,"eternal_tales:pyroxenite":5,"eternal_tales:journal":2,"minecraft:mutton":1,"minecraft:cobblestone":766,"minecraft:white_wool":8,"eternal_tales:heart_et":1,"minecraft:oxeye_daisy":3,"minecraft:leather_chestplate":3,"minecraft:salmon":49,"minecraft:oak_log":175,"eternal_tales:andesite_dirt":11,"minecraft:yellow_bed":3,"minecraft:gunpowder":4,"minecraft:cobblestone_stairs":29,"minecraft:lantern":6,"minecraft:dirt":1604,"minecraft:leather_boots":2,"minecraft:apple":6,"minecraft:stone_bricks":5,"eternal_tales:ruby_spear":3,"minecraft:wheat_seeds":43,"minecraft:bell":2,"minecraft:iron_ingot":57,"eternal_tales:brown_rose":11,"eternal_tales:flowering_slab":1,"eternal_tales:salt":188,"minecraft:oak_planks":223,"minecraft:dandelion":1,"minecraft:gravel":15,"minecraft:spruce_sapling":7,"minecraft:white_bed":7,"minecraft:spruce_log":117,"minecraft:mossy_cobblestone":12,"minecraft:leather_helmet":2,"eternal_tales:flowering_log":90,"eternal_tales:bronze_coin":5,"eternal_tales:ectoplasm":6,"minecraft:stone_axe":2,"eternal_tales:terra_shard":3,"eternal_tales:anthurium":18,"tombstone:magic_scroll":2,"minecraft:oak_sapling":11,"minecraft:coal":118,"minecraft:bricks":2,"eternal_tales:raw_chlorine":35},"minecraft:used":{"eternal_tales:andesite_dirt":7,"minecraft:stone_sword":16,"minecraft:iron_shovel":1515,"eternal_tales:flowering_log":4,"minecraft:spruce_slab":585,"minecraft:chest":2,"minecraft:spruce_planks":2,"minecraft:shield":42,"minecraft:iron_sword":152,"minecraft:cooked_salmon":6,"minecraft:wooden_shovel":180,"minecraft:orange_bed":3,"minecraft:bell":2,"minecraft:oak_door":7,"minecraft:torch":52,"minecraft:dirt":990,"minecraft:white_carpet":14,"minecraft:spruce_stairs":19,"minecraft:wooden_axe":34,"minecraft:bricks":2,"minecraft:lantern":11,"minecraft:iron_axe":810,"minecraft:stone_brick_stairs":12,"minecraft:stone_bricks":194,"minecraft:oak_sapling":12,"minecraft:furnace":4,"tombstone:gift":5,"minecraft:egg":2,"minecraft:cooked_beef":3,"minecraft:water_bucket":40,"eternal_tales:flowering_slab":3,"minecraft:leather_leggings":1,"minecraft:cobblestone_stairs":76,"minecraft:stone_pickaxe":113,"minecraft:oak_planks":171,"eternal_tales:flowering_stairs":4,"minecraft:wooden_pickaxe":55,"minecraft:composter":2,"minecraft:leather_chestplate":3,"minecraft:leather_boots":3,"eternal_tales:flowering_planks":252,"minecraft:crafting_table":2,"minecraft:white_bed":7,"minecraft:spruce_log":5,"eternal_tales:salt_beef":3,"eternal_tales:salt_fish":15,"minecraft:oak_log":141,"minecraft:iron_pickaxe":921,"eternal_tales:starter_kit":1,"minecraft:leather_helmet":1,"minecraft:stone_axe":126,"minecraft:gravel":15,"minecraft:spruce_sapling":4,"minecraft:cobblestone":58,"minecraft:bucket":41,"minecraft:yellow_bed":3,"minecraft:oak_boat":1,"eternal_tales:flowering_door":4,"eternal_tales:granite_dirt":2},"minecraft:crafted":{"minecraft:brick":32,"minecraft:oak_door":3,"minecraft:oak_planks":108,"minecraft:iron_nugget":45,"minecraft:pointed_dripstone":4,"eternal_tales:flowering_planks":288,"minecraft:furnace":4,"eternal_tales:flowering_slab":2,"minecraft:cobblestone_stairs":84,"minecraft:stone":280,"minecraft:white_carpet":9,"minecraft:lantern":5,"minecraft:spruce_stairs":16,"minecraft:iron_boots":1,"minecraft:iron_axe":4,"minecraft:spruce_slab":546,"eternal_tales:salt_fish":141,"minecraft:stone_pickaxe":1,"minecraft:chest":1,"eternal_tales:flowering_stairs":4,"minecraft:bricks":7,"minecraft:stone_bricks":308,"eternal_tales:flowering_door":6,"minecraft:cooked_beef":7,"minecraft:wooden_shovel":3,"minecraft:crafting_table":1,"minecraft:spruce_planks":300,"minecraft:wooden_pickaxe":1,"minecraft:iron_helmet":1,"minecraft:iron_sword":1,"minecraft:cooked_salmon":41,"minecraft:bucket":1,"eternal_tales:salt_beef":4,"minecraft:stone_axe":1,"minecraft:air":0,"minecraft:oak_boat":1,"minecraft:stone_brick_stairs":8,"minecraft:iron_chestplate":1,"minecraft:shield":1,"minecraft:stick":44,"minecraft:iron_ingot":13,"minecraft:iron_pickaxe":5,"minecraft:wooden_axe":1,"minecraft:iron_shovel":7,"minecraft:iron_leggings":1,"minecraft:torch":32,"minecraft:shears":1},"minecraft:broken":{"minecraft:iron_shovel":6,"minecraft:wooden_shovel":3,"minecraft:wooden_pickaxe":1,"minecraft:stone_pickaxe":1,"minecraft:iron_axe":3,"minecraft:stone_axe":1,"minecraft:iron_pickaxe":3,"minecraft:wooden_axe":1},"minecraft:killed":{"eternal_tales:sunflower_spider":1,"minecraft:witch":1,"minecraft:spider":1,"minecraft:skeleton":1,"minecraft:pig":1,"minecraft:zombie_villager":1,"minecraft:salmon":14,"minecraft:iron_golem":14,"eternal_tales:flea":1,"minecraft:creeper":1,"eternal_tales:flower_zombie":5,"minecraft:sheep":1,"minecraft:trader_llama":2,"minecraft:zombie":6,"eternal_tales:spirit":1,"minecraft:villager":1},"minecraft:killed_by":{"minecraft:player":5,"minecraft:pillager":1,"minecraft:iron_golem":10,"eternal_tales:cold_overseer":2,"eternal_tales:flower_zombie":1,"minecraft:skeleton":2,"minecraft:zombie":2},"minecraft:custom":{"minecraft:mob_kills":52,"minecraft:interact_with_crafting_table":95,"minecraft:open_barrel":6,"minecraft:bell_ring":7,"minecraft:leave_game":8,"minecraft:time_since_death":32897,"minecraft:sprint_one_cm":785874,"minecraft:walk_one_cm":2340317,"minecraft:damage_blocked_by_shield":2049,"minecraft:drop":71,"minecraft:talked_to_villager":14,"minecraft:play_time":480116,"minecraft:deaths":26,"minecraft:sneak_time":22830,"minecraft:walk_under_water_one_cm":37214,"minecraft:boat_one_cm":13818,"minecraft:jump":6643,"minecraft:walk_on_water_one_cm":44435,"minecraft:total_world_time":480116,"minecraft:interact_with_furnace":84,"tombstone:raider_killed":1,"minecraft:traded_with_villager":2,"minecraft:sleep_in_bed":44,"minecraft:time_since_rest":7003,"minecraft:damage_taken":7896,"tombstone:sneak_grave":1,"minecraft:damage_dealt":19842,"minecraft:player_kills":3,"minecraft:swim_one_cm":54990,"minecraft:fly_one_cm":886073,"minecraft:open_chest":65,"minecraft:crouch_one_cm":67955,"tombstone:undead_killed":13,"tombstone:villager_killed":1,"minecraft:fall_one_cm":116399},"minecraft:dropped":{"eternal_tales:brown_clay_ball":8,"minecraft:lead":1,"minecraft:cobblestone":4,"eternal_tales:ectoplasm":6,"eternal_tales:anthurium":17,"minecraft:oxeye_daisy":3,"minecraft:dirt":24,"eternal_tales:brown_rose":11,"eternal_tales:totem_of_eternal_darkness":2,"eternal_tales:raw_chlorine":35,"minecraft:diorite":1,"tombstone:magic_scroll":2,"minecraft:cornflower":2,"minecraft:mutton":1,"eternal_tales:andesite_dirt":4,"tombstone:grave_dust":2,"eternal_tales:red_sand_dirt":1,"eternal_tales:flowering_door":1,"minecraft:white_wool":1,"minecraft:dandelion":1,"minecraft:oak_door":1,"eternal_tales:bronze_coin":5,"minecraft:clay_ball":7,"eternal_tales:pyroxenite":5,"eternal_tales:salt_fish":30,"minecraft:azure_bluet":2,"eternal_tales:raccoon_fur":1,"eternal_tales:salt_beef":1,"minecraft:poppy":21,"minecraft:leather_chestplate":1,"minecraft:gunpowder":2,"eternal_tales:blueberry_bush":3,"eternal_tales:granite_dirt":1,"minecraft:oak_sapling":1,"eternal_tales:astrantia":1,"minecraft:arrow":3,"eternal_tales:terra_shard":3,"minecraft:brick":2}},"DataVersion":3465}