{"stats":{"minecraft:mined":{"minecraft:white_bed":7,"eternal_tales:red_sand_dirt":1,"minecraft:mossy_cobblestone":12,"minecraft:oak_door":1,"minecraft:cobblestone_stairs":12,"eternal_tales:karst_stone":1,"minecraft:grass_block":729,"minecraft:composter":2,"minecraft:oxeye_daisy":4,"minecraft:iron_ore":3,"minecraft:azure_bluet":2,"minecraft:bell":2,"minecraft:oak_stairs":102,"eternal_tales:brown_rose":2,"eternal_tales:granite_dirt":2,"eternal_tales:chlorine_ore":2,"minecraft:stone":270,"eternal_tales:astrantia":1,"minecraft:orange_bed":3,"minecraft:glass_pane":6,"minecraft:dandelion":2,"minecraft:torch":8,"minecraft:crafting_table":1,"minecraft:cornflower":1,"eternal_tales:anthurium":4,"minecraft:poppy":1,"minecraft:chest":1,"eternal_tales:andesite_dirt":5,"eternal_tales:brown_clay":2,"minecraft:tall_grass":2,"minecraft:cobblestone":81,"minecraft:oak_planks":143,"minecraft:diorite":4,"minecraft:wall_torch":5,"minecraft:yellow_bed":3,"eternal_tales:blueberry_bush":3,"minecraft:grass":48,"minecraft:oak_log":108,"minecraft:coal_ore":9,"minecraft:dirt":346,"minecraft:oak_leaves":2},"minecraft:picked_up":{"eternal_tales:blueberry_bush":3,"minecraft:crafting_table":1,"minecraft:azure_bluet":2,"minecraft:wooden_pickaxe":2,"minecraft:oak_stairs":102,"eternal_tales:granite_dirt":3,"eternal_tales:raccoon_fur":3,"minecraft:cornflower":1,"eternal_tales:stress_pills":2,"eternal_tales:astrantia":1,"eternal_tales:red_sand_dirt":1,"minecraft:poppy":8,"minecraft:chest":1,"eternal_tales:starter_kit":1,"minecraft:egg":2,"minecraft:raw_iron":3,"minecraft:oak_door":2,"minecraft:composter":2,"minecraft:torch":17,"eternal_tales:brown_clay_ball":8,"minecraft:diorite":4,"minecraft:orange_bed":3,"eternal_tales:totem_of_eternal_darkness":4,"minecraft:stone_sword":2,"minecraft:arrow":1,"minecraft:stone_shovel":2,"minecraft:rotten_flesh":3,"eternal_tales:journal":2,"minecraft:mutton":1,"eternal_tales:heart_et":1,"minecraft:white_wool":1,"minecraft:cobblestone":351,"minecraft:oxeye_daisy":3,"minecraft:leather_chestplate":2,"minecraft:salmon":6,"minecraft:oak_log":108,"minecraft:gunpowder":2,"eternal_tales:andesite_dirt":5,"minecraft:yellow_bed":3,"minecraft:cobblestone_stairs":12,"minecraft:dirt":1077,"minecraft:leather_boots":2,"minecraft:apple":4,"minecraft:wheat_seeds":36,"minecraft:bell":2,"minecraft:iron_ingot":31,"eternal_tales:brown_rose":11,"minecraft:oak_planks":143,"minecraft:dandelion":1,"minecraft:white_bed":7,"minecraft:leather_helmet":2,"minecraft:mossy_cobblestone":12,"minecraft:stone_axe":2,"eternal_tales:anthurium":18,"eternal_tales:raw_chlorine":4,"minecraft:coal":9},"minecraft:used":{"eternal_tales:andesite_dirt":5,"minecraft:stone_sword":16,"minecraft:iron_shovel":736,"minecraft:shield":3,"minecraft:chest":2,"minecraft:iron_sword":49,"minecraft:wooden_shovel":180,"minecraft:bell":2,"minecraft:oak_door":1,"minecraft:orange_bed":3,"minecraft:torch":25,"minecraft:dirt":691,"minecraft:wooden_axe":34,"minecraft:iron_axe":243,"minecraft:furnace":1,"minecraft:oak_sapling":2,"tombstone:gift":3,"minecraft:egg":2,"minecraft:water_bucket":30,"minecraft:leather_leggings":1,"minecraft:cobblestone_stairs":35,"minecraft:stone_pickaxe":113,"minecraft:oak_planks":158,"minecraft:leather_chestplate":3,"minecraft:wooden_pickaxe":55,"minecraft:composter":2,"minecraft:leather_boots":3,"minecraft:crafting_table":2,"minecraft:white_bed":7,"minecraft:oak_log":28,"minecraft:iron_pickaxe":257,"eternal_tales:starter_kit":1,"minecraft:leather_helmet":1,"minecraft:stone_axe":126,"minecraft:cobblestone":1,"minecraft:bucket":31,"minecraft:yellow_bed":3,"eternal_tales:granite_dirt":1},"minecraft:crafted":{"minecraft:oak_planks":108,"minecraft:furnace":1,"minecraft:cobblestone_stairs":40,"minecraft:iron_boots":1,"minecraft:iron_axe":1,"minecraft:stone_pickaxe":1,"minecraft:chest":1,"minecraft:wooden_shovel":3,"minecraft:crafting_table":1,"minecraft:iron_helmet":1,"minecraft:wooden_pickaxe":1,"minecraft:iron_sword":1,"minecraft:bucket":1,"minecraft:stone_axe":1,"minecraft:shield":1,"minecraft:stick":32,"minecraft:iron_ingot":3,"minecraft:iron_pickaxe":2,"minecraft:wooden_axe":1,"minecraft:iron_leggings":1,"minecraft:iron_shovel":3,"minecraft:torch":8},"minecraft:broken":{"minecraft:iron_shovel":2,"minecraft:wooden_shovel":3,"minecraft:wooden_pickaxe":1,"minecraft:stone_pickaxe":1,"minecraft:iron_axe":1,"minecraft:stone_axe":1,"minecraft:iron_pickaxe":1,"minecraft:wooden_axe":1},"minecraft:killed":{"minecraft:salmon":8,"minecraft:iron_golem":8,"minecraft:creeper":1,"minecraft:sheep":1,"minecraft:zombie":1,"minecraft:villager":1},"minecraft:killed_by":{"minecraft:player":5,"minecraft:iron_golem":8,"eternal_tales:cold_overseer":2,"minecraft:skeleton":1,"minecraft:zombie":1},"minecraft:custom":{"minecraft:mob_kills":20,"minecraft:interact_with_crafting_table":29,"minecraft:bell_ring":7,"minecraft:leave_game":5,"minecraft:time_since_death":10584,"minecraft:sprint_one_cm":229509,"minecraft:walk_one_cm":1076332,"minecraft:damage_blocked_by_shield":495,"minecraft:drop":22,"minecraft:talked_to_villager":1,"minecraft:play_time":200184,"minecraft:deaths":20,"minecraft:sneak_time":8137,"minecraft:walk_under_water_one_cm":24144,"minecraft:jump":2951,"minecraft:walk_on_water_one_cm":30153,"minecraft:total_world_time":200184,"minecraft:interact_with_furnace":4,"minecraft:sleep_in_bed":21,"minecraft:time_since_rest":8803,"minecraft:damage_taken":5723,"tombstone:sneak_grave":1,"minecraft:damage_dealt":9944,"minecraft:swim_one_cm":18127,"minecraft:player_kills":3,"minecraft:fly_one_cm":262578,"minecraft:open_chest":22,"minecraft:crouch_one_cm":27534,"tombstone:undead_killed":1,"tombstone:villager_killed":1,"minecraft:fall_one_cm":48249},"minecraft:dropped":{"eternal_tales:anthurium":2,"minecraft:oxeye_daisy":3,"eternal_tales:brown_rose":11,"eternal_tales:totem_of_eternal_darkness":2,"minecraft:cornflower":1,"minecraft:mutton":1,"tombstone:grave_dust":2,"eternal_tales:red_sand_dirt":1,"minecraft:white_wool":1,"minecraft:dandelion":1,"minecraft:azure_bluet":2,"eternal_tales:raccoon_fur":1,"minecraft:poppy":6,"eternal_tales:blueberry_bush":3,"eternal_tales:granite_dirt":1,"eternal_tales:astrantia":1}},"DataVersion":3465}