{"stats":{"minecraft:mined":{"eternal_tales:anthurium":1,"minecraft:grass_block":2,"minecraft:dirt":1,"minecraft:oak_planks":1,"minecraft:orange_bed":2},"minecraft:picked_up":{"minecraft:leather_chestplate":2,"minecraft:wooden_pickaxe":2,"eternal_tales:raccoon_fur":3,"minecraft:dirt":9,"minecraft:leather_helmet":2,"eternal_tales:stress_pills":2,"minecraft:orange_bed":2,"minecraft:leather_boots":2,"eternal_tales:totem_of_eternal_darkness":4,"minecraft:stone_sword":2,"minecraft:stone_shovel":2,"minecraft:apple":4,"minecraft:stone_axe":2,"eternal_tales:anthurium":3,"eternal_tales:journal":2,"minecraft:oak_planks":1,"eternal_tales:starter_kit":1,"eternal_tales:heart_et":1,"minecraft:egg":1},"minecraft:used":{"minecraft:leather_leggings":1,"minecraft:stone_sword":16,"minecraft:oak_planks":1,"eternal_tales:starter_kit":1,"minecraft:leather_helmet":1,"minecraft:leather_chestplate":3,"minecraft:leather_boots":3,"minecraft:orange_bed":2,"minecraft:stone_axe":4,"minecraft:dirt":2,"tombstone:gift":3,"minecraft:egg":1},"minecraft:killed_by":{"minecraft:player":5,"minecraft:skeleton":1},"minecraft:custom":{"minecraft:time_since_rest":14071,"minecraft:sprint_one_cm":81097,"minecraft:damage_taken":1836,"minecraft:walk_one_cm":179163,"tombstone:sneak_grave":1,"minecraft:drop":7,"minecraft:damage_dealt":879,"minecraft:swim_one_cm":10192,"minecraft:fly_one_cm":73753,"minecraft:player_kills":3,"minecraft:open_chest":7,"minecraft:play_time":54154,"minecraft:crouch_one_cm":3657,"minecraft:deaths":7,"minecraft:sneak_time":1454,"minecraft:walk_under_water_one_cm":17127,"minecraft:jump":726,"minecraft:leave_game":4,"minecraft:walk_on_water_one_cm":19472,"minecraft:time_since_death":15474,"minecraft:sleep_in_bed":8,"minecraft:total_world_time":54154,"minecraft:fall_one_cm":14970},"minecraft:dropped":{"eternal_tales:totem_of_eternal_darkness":2,"tombstone:grave_dust":2,"eternal_tales:anthurium":2,"eternal_tales:raccoon_fur":1}},"DataVersion":3465}